timestamp; area; px1; py1; px2; py2; px3; py3; px4; py4;
0; 0.00; 0.00; 0.00; 0.00; 0.00; 0.00; 0.00; 0.00; 0.00;
1; 0.00; 0.00; 0.00; 0.00; 0.00; 0.00; 0.00; 0.00; 0.00;
2; 0.00; 0.00; 0.00; 0.00; 0.00; 0.00; 0.00; 0.00; 0.00;
3; 0.00; 0.00; 0.00; 0.00; 0.00; 0.00; 0.00; 0.00; 0.00;
4; 0.00; 0.00; 0.00; 0.00; 0.00; 0.00; 0.00; 0.00; 0.00;
5; 0.00; 0.00; 0.00; 0.00; 0.00; 0.00; 0.00; 0.00; 0.00;
6; 0.00; 0.00; 0.00; 0.00; 0.00; 0.00; 0.00; 0.00; 0.00;
7; 0.00; 0.00; 0.00; 0.00; 0.00; 0.00; 0.00; 0.00; 0.00;
8; 0.00; 0.00; 0.00; 0.00; 0.00; 0.00; 0.00; 0.00; 0.00;
9; 0.00; 0.00; 0.00; 0.00; 0.00; 0.00; 0.00; 0.00; 0.00;
10; 0.00; 0.00; 0.00; 0.00; 0.00; 0.00; 0.00; 0.00; 0.00;
11; 0.00; 0.00; 0.00; 0.00; 0.00; 0.00; 0.00; 0.00; 0.00;
12; 0.00; 0.00; 0.00; 0.00; 0.00; 0.00; 0.00; 0.00; 0.00;
13; 0.00; 0.00; 0.00; 0.00; 0.00; 0.00; 0.00; 0.00; 0.00;
14; 0.00; 0.00; 0.00; 0.00; 0.00; 0.00; 0.00; 0.00; 0.00;
15; 0.00; 0.00; 0.00; 0.00; 0.00; 0.00; 0.00; 0.00; 0.00;
16; 0.00; 0.00; 0.00; 0.00; 0.00; 0.00; 0.00; 0.00; 0.00;
17; 0.00; 0.00; 0.00; 0.00; 0.00; 0.00; 0.00; 0.00; 0.00;
18; 0.00; 0.00; 0.00; 0.00; 0.00; 0.00; 0.00; 0.00; 0.00;
19; 0.00; 0.00; 0.00; 0.00; 0.00; 0.00; 0.00; 0.00; 0.00;
20; 0.00; 0.00; 0.00; 0.00; 0.00; 0.00; 0.00; 0.00; 0.00;
21; 0.00; 0.00; 0.00; 0.00; 0.00; 0.00; 0.00; 0.00; 0.00;
22; 0.00; 0.00; 0.00; 0.00; 0.00; 0.00; 0.00; 0.00; 0.00;
23; 0.00; 0.00; 0.00; 0.00; 0.00; 0.00; 0.00; 0.00; 0.00;
24; 0.00; 0.00; 0.00; 0.00; 0.00; 0.00; 0.00; 0.00; 0.00;
25; 0.00; 0.00; 0.00; 0.00; 0.00; 0.00; 0.00; 0.00; 0.00;
26; 0.00; 0.00; 0.00; 0.00; 0.00; 0.00; 0.00; 0.00; 0.00;
27; 0.00; 0.00; 0.00; 0.00; 0.00; 0.00; 0.00; 0.00; 0.00;
28; 0.00; 0.00; 0.00; 0.00; 0.00; 0.00; 0.00; 0.00; 0.00;
29; 0.00; 0.00; 0.00; 0.00; 0.00; 0.00; 0.00; 0.00; 0.00;
30; 0.00; 0.00; 0.00; 0.00; 0.00; 0.00; 0.00; 0.00; 0.00;
31; 0.00; 0.00; 0.00; 0.00; 0.00; 0.00; 0.00; 0.00; 0.00;
32; 0.00; 0.00; 0.00; 0.00; 0.00; 0.00; 0.00; 0.00; 0.00;
33; 0.00; 0.00; 0.00; 0.00; 0.00; 0.00; 0.00; 0.00; 0.00;
34; 0.00; 0.00; 0.00; 0.00; 0.00; 0.00; 0.00; 0.00; 0.00;
35; 0.00; 0.00; 0.00; 0.00; 0.00; 0.00; 0.00; 0.00; 0.00;
36; 0.00; 0.00; 0.00; 0.00; 0.00; 0.00; 0.00; 0.00; 0.00;
37; 0.00; 0.00; 0.00; 0.00; 0.00; 0.00; 0.00; 0.00; 0.00;
38; 0.00; 0.00; 0.00; 0.00; 0.00; 0.00; 0.00; 0.00; 0.00;
39; 0.00; 0.00; 0.00; 0.00; 0.00; 0.00; 0.00; 0.00; 0.00;
40; 0.00; 0.00; 0.00; 0.00; 0.00; 0.00; 0.00; 0.00; 0.00;
41; 0.00; 0.00; 0.00; 0.00; 0.00; 0.00; 0.00; 0.00; 0.00;
42; 0.00; 0.00; 0.00; 0.00; 0.00; 0.00; 0.00; 0.00; 0.00;
43; 0.00; 0.00; 0.00; 0.00; 0.00; 0.00; 0.00; 0.00; 0.00;
44; 0.00; 0.00; 0.00; 0.00; 0.00; 0.00; 0.00; 0.00; 0.00;
45; 0.00; 0.00; 0.00; 0.00; 0.00; 0.00; 0.00; 0.00; 0.00;
46; 0.00; 0.00; 0.00; 0.00; 0.00; 0.00; 0.00; 0.00; 0.00;
47; 4160.00; 68.00; 76.00; 69.00; 140.00; 132.00; 142.00; 133.00; 76.00;
48; 4257.00; 68.00; 74.00; 69.00; 138.00; 134.00; 140.00; 134.00; 74.00;
49; 5112.00; 66.00; 69.00; 67.00; 138.00; 138.00; 141.00; 138.00; 67.00;
50; 5329.00; 140.00; 65.00; 66.00; 66.00; 67.00; 137.00; 139.00; 140.00;
51; 5550.00; 141.00; 61.00; 66.00; 63.00; 67.00; 136.00; 140.00; 138.00;
52; 5853.00; 143.00; 58.00; 66.00; 59.00; 66.00; 134.00; 141.00; 137.00;
53; 6087.50; 66.00; 54.00; 66.00; 132.00; 142.00; 135.00; 145.00; 56.00;
54; 6361.50; 66.00; 53.00; 65.00; 131.00; 144.00; 134.00; 146.00; 52.00;
55; 6643.00; 65.00; 51.00; 65.00; 131.00; 145.00; 134.00; 147.00; 50.00;
56; 6810.00; 65.00; 50.00; 64.00; 130.00; 145.00; 135.00; 148.00; 49.00;
57; 6976.00; 65.00; 49.00; 64.00; 130.00; 146.00; 135.00; 149.00; 48.00;
58; 7269.00; 65.00; 48.00; 64.00; 132.00; 149.00; 135.00; 150.00; 48.00;
59; 6606.50; 67.00; 49.00; 65.00; 130.00; 146.00; 133.00; 148.00; 51.00;
60; 7832.00; 64.00; 46.00; 62.00; 134.00; 149.00; 137.00; 151.00; 45.00;
61; 8459.00; 62.00; 39.00; 61.00; 135.00; 150.00; 138.00; 151.00; 44.00;
62; 8460.00; 151.00; 43.00; 60.00; 45.00; 61.00; 137.00; 150.00; 139.00;
63; 9252.00; 52.00; 38.00; 59.00; 137.00; 150.00; 139.00; 151.00; 43.00;
64; 8694.00; 151.00; 42.00; 59.00; 43.00; 59.00; 136.00; 151.00; 138.00;
65; 9018.00; 149.00; 36.00; 58.00; 42.00; 58.00; 136.00; 151.00; 138.00;
66; 9216.00; 58.00; 39.00; 56.00; 135.00; 151.00; 138.00; 152.00; 39.00;
67; 10339.00; 49.00; 31.00; 55.00; 135.00; 154.00; 137.00; 153.00; 37.00;
68; 10954.50; 48.00; 29.00; 53.00; 142.00; 151.00; 137.00; 150.00; 31.00;
69; 9950.00; 55.00; 34.00; 53.00; 134.00; 151.00; 137.00; 153.00; 34.00;
70; 10100.00; 54.00; 33.00; 52.00; 133.00; 151.00; 136.00; 153.00; 32.00;
71; 10004.00; 55.00; 31.00; 153.00; 33.00; 151.00; 135.00; 52.00; 132.00;
72; 10253.00; 53.00; 31.00; 52.00; 132.00; 151.00; 135.00; 154.00; 31.00;
73; 11016.00; 47.00; 24.00; 51.00; 132.00; 152.00; 135.00; 153.00; 30.00;
74; 10505.00; 153.00; 30.00; 51.00; 32.00; 51.00; 134.00; 152.00; 135.00;
75; 10505.00; 52.00; 31.00; 51.00; 134.00; 152.00; 136.00; 153.00; 31.00;
76; 10454.50; 153.00; 31.00; 51.00; 33.00; 51.00; 134.00; 152.00; 136.00;
77; 10403.00; 153.00; 31.00; 51.00; 33.00; 52.00; 134.00; 152.00; 136.00;
78; 10504.00; 153.00; 31.00; 51.00; 33.00; 52.00; 135.00; 152.00; 137.00;
79; 10556.50; 152.00; 32.00; 50.00; 35.00; 51.00; 137.00; 152.00; 138.00;
80; 10505.50; 152.00; 33.00; 50.00; 35.00; 51.00; 137.00; 152.00; 138.00;
81; 10611.00; 152.00; 32.00; 50.00; 35.00; 51.00; 137.00; 154.00; 137.00;
82; 11436.00; 42.00; 27.00; 51.00; 137.00; 152.00; 138.00; 153.00; 32.00;
83; 10712.00; 153.00; 31.00; 50.00; 34.00; 51.00; 137.00; 153.00; 137.00;
84; 9409.00; 54.00; 35.00; 54.00; 133.00; 150.00; 133.00; 151.00; 36.00;
85; 10762.50; 154.00; 31.00; 51.00; 32.00; 51.00; 136.00; 153.00; 137.00;
86; 10763.50; 154.00; 31.00; 50.00; 33.00; 51.00; 136.00; 153.00; 137.00;
87; 10816.00; 49.00; 33.00; 51.00; 136.00; 153.00; 137.00; 154.00; 31.00;
88; 11223.00; 154.00; 30.00; 51.00; 32.00; 50.00; 143.00; 153.00; 137.00;
89; 11074.50; 154.00; 30.00; 50.00; 32.00; 49.00; 138.00; 153.00; 137.00;
90; 10867.00; 51.00; 31.00; 51.00; 135.00; 153.00; 137.00; 155.00; 30.00;
91; 10866.50; 52.00; 30.00; 51.00; 135.00; 153.00; 137.00; 155.00; 30.00;
92; 11582.50; 155.00; 29.00; 51.00; 30.00; 50.00; 142.00; 151.00; 143.00;
93; 10971.00; 155.00; 28.00; 51.00; 30.00; 51.00; 134.00; 154.00; 136.00;
94; 10921.50; 52.00; 28.00; 51.00; 133.00; 154.00; 135.00; 156.00; 29.00;
95; 10918.50; 52.00; 27.00; 51.00; 132.00; 153.00; 135.00; 155.00; 27.00;
96; 10869.50; 52.00; 26.00; 50.00; 130.00; 153.00; 133.00; 155.00; 26.00;
97; 11076.00; 51.00; 25.00; 51.00; 129.00; 150.00; 139.00; 155.00; 25.00;
98; 10662.00; 52.00; 24.00; 51.00; 126.00; 152.00; 130.00; 155.00; 23.00;
99; 10767.00; 53.00; 22.00; 51.00; 125.00; 155.00; 128.00; 156.00; 23.00;
100; 11165.00; 52.00; 22.00; 50.00; 134.00; 152.00; 128.00; 155.00; 22.00;
101; 10766.50; 51.00; 22.00; 50.00; 125.00; 152.00; 128.00; 155.00; 22.00;
102; 10764.00; 51.00; 21.00; 50.00; 125.00; 151.00; 128.00; 154.00; 21.00;
103; 10817.50; 51.00; 20.00; 49.00; 124.00; 151.00; 127.00; 154.00; 20.00;
104; 11383.00; 51.00; 19.00; 48.00; 132.00; 153.00; 126.00; 154.00; 20.00;
105; 11288.50; 49.00; 13.00; 49.00; 124.00; 152.00; 126.00; 154.00; 20.00;
106; 11295.00; 48.00; 13.00; 48.00; 124.00; 150.00; 127.00; 154.00; 21.00;
107; 11026.50; 49.00; 20.00; 47.00; 125.00; 150.00; 128.00; 153.00; 20.00;
108; 11028.00; 48.00; 21.00; 47.00; 126.00; 150.00; 129.00; 153.00; 22.00;
109; 11392.50; 47.00; 15.00; 47.00; 127.00; 149.00; 130.00; 152.00; 22.00;
110; 11923.50; 48.00; 21.00; 46.00; 127.00; 157.00; 138.00; 152.00; 22.00;
111; 11134.00; 48.00; 21.00; 46.00; 127.00; 149.00; 130.00; 153.00; 22.00;
112; 11186.50; 47.00; 21.00; 46.00; 127.00; 149.00; 130.00; 153.00; 22.00;
113; 11290.50; 47.00; 21.00; 46.00; 127.00; 150.00; 130.00; 153.00; 21.00;
114; 11824.50; 45.00; 13.00; 46.00; 127.00; 150.00; 130.00; 153.00; 21.00;
115; 11771.00; 47.00; 13.00; 46.00; 127.00; 152.00; 129.00; 153.00; 21.00;
116; 11771.00; 47.00; 13.00; 46.00; 127.00; 152.00; 129.00; 153.00; 21.00;
117; 11449.50; 48.00; 20.00; 46.00; 127.00; 154.00; 129.00; 153.00; 21.00;
118; 9953.00; 50.00; 23.00; 50.00; 124.00; 148.00; 125.00; 151.00; 26.00;
119; 11496.50; 48.00; 20.00; 46.00; 130.00; 151.00; 129.00; 153.00; 20.00;
120; 11718.50; 48.00; 12.00; 47.00; 126.00; 151.00; 129.00; 154.00; 20.00;
121; 11395.50; 48.00; 19.00; 47.00; 126.00; 151.00; 129.00; 154.00; 19.00;
122; 11557.00; 46.00; 20.00; 47.00; 126.00; 152.00; 129.00; 155.00; 19.00;
123; 11826.00; 49.00; 18.00; 47.00; 126.00; 150.00; 136.00; 155.00; 18.00;
124; 11613.50; 49.00; 17.00; 47.00; 125.00; 153.00; 128.00; 156.00; 18.00;
125; 11610.00; 49.00; 16.00; 48.00; 125.00; 153.00; 127.00; 156.00; 17.00;
126; 11718.50; 47.00; 17.00; 48.00; 124.00; 155.00; 126.00; 157.00; 17.00;
127; 11613.50; 49.00; 16.00; 48.00; 124.00; 153.00; 127.00; 157.00; 17.00;
128; 11613.50; 49.00; 16.00; 48.00; 124.00; 153.00; 127.00; 157.00; 17.00;
129; 11825.00; 49.00; 16.00; 47.00; 128.00; 153.00; 127.00; 157.00; 18.00;
130; 11613.50; 49.00; 16.00; 48.00; 124.00; 153.00; 127.00; 157.00; 17.00;
131; 11610.00; 49.00; 16.00; 48.00; 124.00; 153.00; 127.00; 156.00; 16.00;
132; 11613.50; 49.00; 15.00; 48.00; 123.00; 153.00; 126.00; 157.00; 16.00;
133; 11613.50; 49.00; 15.00; 48.00; 123.00; 153.00; 126.00; 157.00; 16.00;
134; 12049.50; 49.00; 7.00; 48.00; 123.00; 153.00; 126.00; 157.00; 16.00;
135; 11613.50; 50.00; 14.00; 48.00; 122.00; 154.00; 125.00; 157.00; 15.00;
136; 11719.50; 49.00; 14.00; 48.00; 122.00; 154.00; 125.00; 157.00; 14.00;
137; 11719.50; 49.00; 14.00; 48.00; 122.00; 154.00; 125.00; 157.00; 14.00;
138; 11665.50; 50.00; 14.00; 48.00; 122.00; 154.00; 125.00; 157.00; 14.00;
139; 11719.50; 49.00; 15.00; 48.00; 123.00; 154.00; 126.00; 157.00; 15.00;
140; 11719.50; 49.00; 15.00; 48.00; 123.00; 154.00; 126.00; 157.00; 15.00;
141; 11719.50; 49.00; 15.00; 48.00; 123.00; 154.00; 126.00; 157.00; 15.00;
142; 11719.50; 49.00; 15.00; 48.00; 123.00; 154.00; 126.00; 157.00; 15.00;
143; 11719.50; 49.00; 15.00; 48.00; 123.00; 154.00; 126.00; 157.00; 15.00;
144; 12208.00; 49.00; 15.00; 48.00; 124.00; 154.00; 134.00; 157.00; 15.00;
145; 11719.50; 49.00; 16.00; 48.00; 124.00; 154.00; 127.00; 157.00; 16.00;
146; 11719.50; 49.00; 16.00; 48.00; 125.00; 154.00; 127.00; 157.00; 17.00;
147; 11715.00; 156.00; 16.00; 48.00; 17.00; 49.00; 126.00; 154.00; 127.00;
148; 11771.00; 48.00; 17.00; 48.00; 126.00; 154.00; 128.00; 156.00; 17.00;
149; 11717.00; 48.00; 18.00; 48.00; 126.00; 154.00; 128.00; 156.00; 17.00;
150; 12089.50; 155.00; 17.00; 47.00; 19.00; 48.00; 127.00; 153.00; 136.00;
151; 10253.00; 51.00; 21.00; 51.00; 124.00; 151.00; 124.00; 153.00; 24.00;
152; 11982.00; 155.00; 18.00; 47.00; 19.00; 47.00; 132.00; 153.00; 129.00;
153; 11608.50; 47.00; 20.00; 48.00; 128.00; 153.00; 129.00; 155.00; 19.00;
154; 11820.50; 154.00; 19.00; 47.00; 20.00; 47.00; 132.00; 153.00; 129.00;
155; 11608.50; 47.00; 21.00; 48.00; 129.00; 153.00; 130.00; 155.00; 20.00;
156; 11663.00; 155.00; 20.00; 47.00; 22.00; 48.00; 130.00; 154.00; 130.00;
157; 11770.00; 155.00; 20.00; 47.00; 21.00; 48.00; 130.00; 154.00; 131.00;
158; 11934.00; 156.00; 20.00; 46.00; 22.00; 48.00; 131.00; 154.00; 132.00;
159; 12420.00; 156.00; 20.00; 46.00; 22.00; 48.00; 132.00; 154.00; 140.00;
160; 12308.00; 156.00; 20.00; 46.00; 22.00; 48.00; 132.00; 152.00; 140.00;
161; 12044.00; 156.00; 20.00; 46.00; 22.00; 48.00; 132.00; 155.00; 132.00;
162; 12155.00; 157.00; 20.00; 46.00; 22.00; 48.00; 132.00; 156.00; 132.00;
163; 12264.50; 157.00; 20.00; 46.00; 22.00; 48.00; 133.00; 156.00; 133.00;
164; 12705.00; 157.00; 21.00; 45.00; 23.00; 47.00; 134.00; 155.00; 141.00;
165; 12318.00; 156.00; 21.00; 45.00; 23.00; 48.00; 135.00; 155.00; 135.00;
166; 12155.00; 155.00; 22.00; 44.00; 25.00; 47.00; 135.00; 154.00; 135.00;
167; 12100.50; 155.00; 23.00; 44.00; 26.00; 46.00; 135.00; 154.00; 135.00;
168; 12101.00; 154.00; 23.00; 44.00; 26.00; 46.00; 136.00; 154.00; 135.00;
169; 12155.00; 155.00; 24.00; 44.00; 26.00; 47.00; 137.00; 154.00; 136.00;
170; 13209.00; 35.00; 18.00; 46.00; 137.00; 154.00; 137.00; 155.00; 24.00;
171; 12654.00; 155.00; 24.00; 43.00; 27.00; 45.00; 142.00; 154.00; 138.00;
172; 12487.50; 155.00; 24.00; 43.00; 27.00; 45.00; 139.00; 154.00; 138.00;
173; 12319.00; 155.00; 24.00; 44.00; 26.00; 46.00; 137.00; 154.00; 138.00;
174; 12264.50; 155.00; 24.00; 44.00; 26.00; 46.00; 137.00; 154.00; 137.00;
175; 12264.50; 155.00; 24.00; 44.00; 26.00; 46.00; 137.00; 154.00; 137.00;
176; 12430.00; 155.00; 23.00; 44.00; 26.00; 45.00; 139.00; 154.00; 136.00;
177; 12264.50; 155.00; 23.00; 44.00; 25.00; 46.00; 136.00; 154.00; 136.00;
178; 12155.00; 155.00; 23.00; 44.00; 25.00; 46.00; 135.00; 154.00; 135.00;
179; 12100.50; 155.00; 22.00; 44.00; 25.00; 46.00; 134.00; 154.00; 134.00;
180; 12099.00; 155.00; 22.00; 45.00; 24.00; 46.00; 134.00; 154.00; 134.00;
181; 12314.00; 155.00; 22.00; 45.00; 24.00; 46.00; 133.00; 151.00; 142.00;
182; 12154.00; 46.00; 22.00; 46.00; 133.00; 154.00; 134.00; 156.00; 22.00;
183; 12264.00; 156.00; 21.00; 45.00; 23.00; 46.00; 133.00; 154.00; 135.00;
184; 12264.50; 156.00; 21.00; 45.00; 23.00; 47.00; 134.00; 155.00; 134.00;
185; 10869.00; 49.00; 25.00; 49.00; 131.00; 151.00; 131.00; 154.00; 27.00;
186; 12262.50; 156.00; 22.00; 45.00; 23.00; 47.00; 135.00; 154.00; 135.00;
187; 12155.00; 155.00; 22.00; 44.00; 25.00; 47.00; 135.00; 154.00; 135.00;
188; 11989.50; 154.00; 23.00; 44.00; 25.00; 46.00; 134.00; 153.00; 135.00;
189; 12422.00; 42.00; 17.00; 46.00; 133.00; 152.00; 135.00; 154.00; 23.00;
190; 11771.00; 153.00; 23.00; 45.00; 25.00; 47.00; 134.00; 153.00; 134.00;
191; 11718.00; 154.00; 23.00; 45.00; 26.00; 48.00; 134.00; 153.00; 134.00;
192; 11881.50; 155.00; 23.00; 45.00; 26.00; 47.00; 134.00; 154.00; 134.00;
193; 12978.00; 37.00; 17.00; 47.00; 135.00; 154.00; 136.00; 155.00; 23.00;
194; 12209.50; 156.00; 23.00; 45.00; 25.00; 47.00; 135.00; 155.00; 136.00;
195; 12705.00; 156.00; 23.00; 45.00; 25.00; 46.00; 143.00; 155.00; 136.00;
196; 12264.00; 46.00; 24.00; 47.00; 135.00; 155.00; 136.00; 157.00; 23.00;
197; 12209.50; 156.00; 23.00; 45.00; 25.00; 47.00; 135.00; 155.00; 136.00;
198; 12155.00; 156.00; 23.00; 45.00; 25.00; 47.00; 135.00; 155.00; 135.00;
199; 13152.50; 37.00; 17.00; 47.00; 136.00; 155.00; 136.00; 156.00; 23.00;
200; 12322.00; 156.00; 24.00; 44.00; 27.00; 47.00; 138.00; 155.00; 137.00;
201; 12486.50; 155.00; 25.00; 43.00; 28.00; 46.00; 140.00; 154.00; 140.00;
202; 12489.50; 154.00; 26.00; 42.00; 30.00; 45.00; 141.00; 154.00; 141.00;
203; 12489.50; 154.00; 27.00; 42.00; 30.00; 45.00; 142.00; 154.00; 141.00;
204; 11026.00; 45.00; 34.00; 48.00; 140.00; 151.00; 138.00; 152.00; 34.00;
205; 10869.00; 45.00; 34.00; 48.00; 140.00; 150.00; 138.00; 150.00; 34.00;
206; 10972.50; 45.00; 34.00; 47.00; 140.00; 150.00; 138.00; 152.00; 35.00;
207; 12489.50; 153.00; 28.00; 41.00; 32.00; 44.00; 143.00; 153.00; 143.00;
208; 13326.00; 33.00; 23.00; 45.00; 143.00; 153.00; 142.00; 153.00; 28.00;
209; 13266.00; 33.00; 22.00; 45.00; 141.00; 153.00; 141.00; 153.00; 27.00;
210; 13155.00; 34.00; 21.00; 46.00; 140.00; 153.00; 139.00; 154.00; 26.00;
211; 12155.00; 154.00; 25.00; 43.00; 28.00; 46.00; 138.00; 153.00; 138.00;
212; 12100.50; 155.00; 25.00; 44.00; 27.00; 46.00; 137.00; 154.00; 136.00;
213; 12155.00; 155.00; 24.00; 44.00; 27.00; 46.00; 136.00; 154.00; 137.00;
214; 12264.50; 156.00; 24.00; 45.00; 25.00; 47.00; 137.00; 155.00; 136.00;
215; 13323.00; 36.00; 17.00; 47.00; 137.00; 155.00; 137.00; 156.00; 23.00;
216; 12432.00; 156.00; 23.00; 44.00; 26.00; 46.00; 137.00; 155.00; 137.00;
217; 12432.00; 156.00; 23.00; 44.00; 26.00; 46.00; 137.00; 155.00; 137.00;
218; 12322.00; 156.00; 23.00; 44.00; 26.00; 47.00; 137.00; 155.00; 136.00;
219; 12210.00; 155.00; 23.00; 44.00; 26.00; 46.00; 136.00; 154.00; 136.00;
220; 12155.00; 155.00; 23.00; 44.00; 26.00; 47.00; 136.00; 154.00; 136.00;
221; 12043.50; 155.00; 23.00; 45.00; 25.00; 48.00; 136.00; 154.00; 135.00;
222; 12152.50; 155.00; 23.00; 45.00; 25.00; 47.00; 136.00; 154.00; 136.00;
223; 12208.00; 155.00; 23.00; 45.00; 25.00; 46.00; 136.00; 154.00; 136.00;
224; 10764.50; 48.00; 28.00; 49.00; 133.00; 151.00; 133.00; 153.00; 30.00;
225; 13209.00; 35.00; 18.00; 46.00; 137.00; 154.00; 137.00; 155.00; 24.00;
226; 12374.00; 155.00; 24.00; 44.00; 26.00; 46.00; 138.00; 154.00; 138.00;
227; 13152.50; 35.00; 19.00; 46.00; 138.00; 153.00; 138.00; 155.00; 25.00;
228; 12212.00; 155.00; 25.00; 43.00; 28.00; 46.00; 138.00; 154.00; 137.00;
229; 12266.50; 155.00; 25.00; 43.00; 28.00; 46.00; 138.00; 154.00; 138.00;
230; 12376.50; 155.00; 25.00; 43.00; 28.00; 46.00; 139.00; 154.00; 139.00;
231; 13440.00; 34.00; 20.00; 45.00; 140.00; 154.00; 140.00; 155.00; 26.00;
232; 12605.00; 155.00; 26.00; 42.00; 30.00; 45.00; 141.00; 156.00; 140.00;
233; 11130.50; 45.00; 33.00; 48.00; 140.00; 151.00; 138.00; 153.00; 34.00;
234; 11236.00; 45.00; 34.00; 48.00; 142.00; 151.00; 140.00; 153.00; 35.00;
235; 11131.00; 46.00; 34.00; 153.00; 36.00; 150.00; 141.00; 47.00; 141.00;
236; 11397.00; 44.00; 35.00; 47.00; 143.00; 152.00; 141.00; 152.00; 35.00;
237; 0.00; 0.00; 0.00; 0.00; 0.00; 0.00; 0.00; 0.00; 0.00;
238; 0.00; 0.00; 0.00; 0.00; 0.00; 0.00; 0.00; 0.00; 0.00;
239; 11289.50; 44.00; 34.00; 47.00; 142.00; 151.00; 140.00; 152.00; 35.00;
240; 11078.50; 44.00; 33.00; 48.00; 141.00; 150.00; 138.00; 151.00; 34.00;
241; 12379.00; 153.00; 28.00; 40.00; 31.00; 44.00; 142.00; 152.00; 141.00;
242; 12159.50; 151.00; 27.00; 39.00; 31.00; 44.00; 140.00; 151.00; 140.00;
243; 11935.50; 151.00; 27.00; 41.00; 30.00; 44.00; 139.00; 150.00; 139.00;
244; 11720.50; 150.00; 27.00; 41.00; 31.00; 44.00; 138.00; 150.00; 138.00;
245; 11718.00; 150.00; 28.00; 41.00; 31.00; 44.00; 139.00; 149.00; 139.00;
246; 11721.50; 150.00; 28.00; 41.00; 32.00; 45.00; 140.00; 150.00; 139.00;
247; 11935.50; 151.00; 29.00; 41.00; 32.00; 44.00; 141.00; 150.00; 141.00;
248; 12157.50; 151.00; 29.00; 40.00; 32.00; 43.00; 142.00; 151.00; 141.00;
249; 10817.00; 43.00; 35.00; 46.00; 140.00; 148.00; 138.00; 149.00; 35.00;
250; 10817.00; 43.00; 35.00; 46.00; 140.00; 148.00; 138.00; 149.00; 35.00;
251; 12270.00; 152.00; 29.00; 40.00; 32.00; 44.00; 143.00; 152.00; 141.00;
252; 12267.00; 152.00; 28.00; 41.00; 31.00; 44.00; 142.00; 152.00; 141.00;
253; 10766.50; 45.00; 33.00; 49.00; 139.00; 150.00; 136.00; 150.00; 33.00;
254; 12379.00; 154.00; 27.00; 42.00; 30.00; 45.00; 141.00; 154.00; 140.00;
255; 12656.00; 155.00; 26.00; 42.00; 29.00; 45.00; 142.00; 154.00; 141.00;
256; 12711.00; 155.00; 26.00; 42.00; 28.00; 45.00; 142.00; 154.00; 141.00;
257; 13388.00; 38.00; 21.00; 44.00; 142.00; 154.00; 141.00; 155.00; 26.00;
258; 12545.50; 154.00; 26.00; 41.00; 30.00; 45.00; 142.00; 153.00; 141.00;
259; 12379.00; 153.00; 26.00; 41.00; 30.00; 44.00; 140.00; 153.00; 140.00;
260; 12267.00; 153.00; 26.00; 41.00; 29.00; 45.00; 140.00; 152.00; 139.00;
261; 12266.50; 153.00; 26.00; 41.00; 29.00; 44.00; 139.00; 152.00; 139.00;
262; 12212.00; 153.00; 26.00; 41.00; 29.00; 44.00; 139.00; 152.00; 138.00;
263; 12212.00; 153.00; 26.00; 41.00; 29.00; 44.00; 139.00; 152.00; 138.00;
264; 12157.50; 152.00; 26.00; 41.00; 29.00; 44.00; 139.00; 152.00; 138.00;
265; 12155.00; 152.00; 26.00; 41.00; 29.00; 44.00; 139.00; 151.00; 139.00;
266; 12157.50; 152.00; 26.00; 41.00; 30.00; 44.00; 139.00; 152.00; 139.00;
267; 12213.00; 152.00; 26.00; 41.00; 30.00; 44.00; 140.00; 152.00; 139.00;
268; 10712.00; 45.00; 32.00; 47.00; 137.00; 148.00; 136.00; 150.00; 33.00;
269; 12378.50; 152.00; 27.00; 41.00; 30.00; 43.00; 143.00; 152.00; 139.00;
270; 12155.00; 152.00; 27.00; 41.00; 30.00; 45.00; 141.00; 151.00; 140.00;
271; 12157.50; 152.00; 27.00; 40.00; 31.00; 44.00; 140.00; 151.00; 140.00;
272; 12046.50; 151.00; 27.00; 41.00; 30.00; 44.00; 140.00; 151.00; 139.00;
273; 12046.50; 151.00; 27.00; 41.00; 30.00; 44.00; 140.00; 151.00; 139.00;
274; 12046.50; 151.00; 27.00; 41.00; 30.00; 44.00; 140.00; 151.00; 139.00;
275; 12049.50; 151.00; 27.00; 40.00; 31.00; 44.00; 140.00; 151.00; 139.00;
276; 12641.00; 38.00; 22.00; 44.00; 140.00; 150.00; 140.00; 151.00; 27.00;
277; 12046.50; 151.00; 27.00; 41.00; 30.00; 44.00; 140.00; 151.00; 139.00;
278; 12046.50; 151.00; 27.00; 41.00; 30.00; 44.00; 140.00; 151.00; 139.00;
279; 12046.50; 151.00; 27.00; 41.00; 30.00; 44.00; 140.00; 151.00; 139.00;
280; 12049.50; 151.00; 27.00; 40.00; 31.00; 44.00; 140.00; 151.00; 139.00;
281; 12106.00; 151.00; 27.00; 39.00; 31.00; 44.00; 140.00; 151.00; 139.00;
282; 12046.50; 151.00; 27.00; 41.00; 30.00; 44.00; 140.00; 151.00; 139.00;
283; 12046.50; 151.00; 27.00; 41.00; 30.00; 44.00; 140.00; 151.00; 139.00;
284; 12100.00; 151.00; 27.00; 41.00; 30.00; 44.00; 140.00; 151.00; 140.00;
285; 12100.00; 151.00; 27.00; 41.00; 30.00; 44.00; 140.00; 151.00; 140.00;
286; 12868.00; 35.00; 22.00; 44.00; 140.00; 151.00; 140.00; 152.00; 28.00;
287; 12697.50; 37.00; 22.00; 44.00; 140.00; 150.00; 140.00; 151.00; 27.00;
288; 12700.50; 37.00; 22.00; 44.00; 140.00; 151.00; 139.00; 151.00; 27.00;
289; 11991.50; 151.00; 27.00; 41.00; 30.00; 44.00; 139.00; 151.00; 139.00;
290; 11993.00; 151.00; 26.00; 41.00; 30.00; 44.00; 139.00; 151.00; 138.00;
291; 12044.00; 152.00; 26.00; 42.00; 28.00; 44.00; 138.00; 151.00; 138.00;
292; 11992.50; 152.00; 26.00; 40.00; 29.00; 44.00; 137.00; 151.00; 137.00;
293; 11935.50; 151.00; 25.00; 42.00; 28.00; 44.00; 137.00; 151.00; 137.00;
294; 11935.50; 152.00; 25.00; 42.00; 28.00; 45.00; 137.00; 151.00; 137.00;
295; 11989.00; 152.00; 25.00; 42.00; 27.00; 45.00; 137.00; 151.00; 137.00;
296; 11990.00; 152.00; 25.00; 42.00; 28.00; 44.00; 137.00; 151.00; 137.00;
297; 11935.50; 152.00; 26.00; 42.00; 28.00; 45.00; 138.00; 151.00; 137.00;
298; 11884.50; 151.00; 26.00; 41.00; 30.00; 44.00; 138.00; 151.00; 137.00;
299; 11935.50; 151.00; 27.00; 41.00; 30.00; 44.00; 139.00; 150.00; 139.00;
300; 12420.00; 38.00; 22.00; 43.00; 138.00; 149.00; 139.00; 150.00; 27.00;
301; 12349.00; 41.00; 22.00; 44.00; 139.00; 147.00; 143.00; 150.00; 27.00;
302; 11720.50; 150.00; 27.00; 41.00; 30.00; 44.00; 138.00; 150.00; 137.00;
303; 11775.00; 150.00; 26.00; 41.00; 30.00; 44.00; 138.00; 150.00; 137.00;
304; 11775.00; 150.00; 26.00; 41.00; 30.00; 44.00; 138.00; 150.00; 137.00;
305; 11721.50; 150.00; 26.00; 41.00; 30.00; 45.00; 138.00; 150.00; 137.00;
306; 11718.00; 150.00; 27.00; 42.00; 29.00; 44.00; 138.00; 150.00; 137.00;
307; 11720.50; 150.00; 27.00; 41.00; 31.00; 44.00; 138.00; 150.00; 138.00;
308; 11720.50; 150.00; 27.00; 41.00; 31.00; 44.00; 138.00; 150.00; 138.00;
309; 11827.50; 151.00; 27.00; 41.00; 30.00; 44.00; 138.00; 150.00; 138.00;
310; 11881.00; 150.00; 26.00; 41.00; 29.00; 44.00; 138.00; 150.00; 138.00;
311; 11828.00; 151.00; 26.00; 41.00; 29.00; 45.00; 138.00; 150.00; 137.00;
312; 11825.50; 151.00; 26.00; 42.00; 28.00; 44.00; 137.00; 150.00; 137.00;
313; 11664.00; 150.00; 26.00; 42.00; 28.00; 45.00; 137.00; 150.00; 136.00;
314; 11664.00; 150.00; 26.00; 42.00; 28.00; 45.00; 137.00; 150.00; 136.00;
315; 11720.50; 150.00; 26.00; 41.00; 29.00; 44.00; 137.00; 150.00; 136.00;
316; 11773.50; 150.00; 26.00; 41.00; 29.00; 44.00; 137.00; 150.00; 137.00;
317; 11774.00; 150.00; 26.00; 41.00; 29.00; 45.00; 138.00; 150.00; 137.00;
318; 11774.00; 150.00; 26.00; 41.00; 29.00; 45.00; 138.00; 150.00; 137.00;
319; 11720.50; 150.00; 26.00; 41.00; 30.00; 44.00; 137.00; 150.00; 137.00;
320; 11772.00; 151.00; 26.00; 42.00; 29.00; 44.00; 137.00; 150.00; 137.00;
321; 11771.00; 151.00; 26.00; 42.00; 28.00; 45.00; 137.00; 150.00; 137.00;
322; 11879.50; 151.00; 25.00; 42.00; 28.00; 44.00; 137.00; 150.00; 137.00;
323; 11884.50; 151.00; 25.00; 41.00; 29.00; 44.00; 137.00; 151.00; 136.00;
324; 12203.00; 151.00; 25.00; 41.00; 29.00; 44.00; 137.00; 150.00; 143.00;
325; 11831.00; 151.00; 26.00; 41.00; 30.00; 45.00; 138.00; 151.00; 137.00;
326; 11884.50; 151.00; 26.00; 41.00; 30.00; 44.00; 138.00; 151.00; 137.00;
327; 11831.00; 151.00; 26.00; 41.00; 30.00; 45.00; 138.00; 151.00; 137.00;
328; 11831.00; 151.00; 26.00; 41.00; 30.00; 45.00; 138.00; 151.00; 137.00;
329; 11828.00; 151.00; 26.00; 42.00; 29.00; 45.00; 138.00; 151.00; 137.00;
330; 12045.00; 152.00; 26.00; 42.00; 29.00; 44.00; 140.00; 151.00; 137.00;
331; 11882.00; 152.00; 26.00; 42.00; 29.00; 45.00; 138.00; 151.00; 137.00;
332; 12700.50; 36.00; 21.00; 44.00; 138.00; 151.00; 138.00; 152.00; 27.00;
333; 11938.00; 151.00; 26.00; 41.00; 30.00; 44.00; 138.00; 151.00; 138.00;
334; 11939.00; 151.00; 26.00; 41.00; 30.00; 45.00; 139.00; 151.00; 138.00;
335; 11988.50; 151.00; 26.00; 42.00; 29.00; 45.00; 139.00; 151.00; 139.00;
336; 11935.50; 151.00; 26.00; 42.00; 30.00; 45.00; 139.00; 151.00; 139.00;
337; 11993.00; 152.00; 26.00; 42.00; 30.00; 45.00; 139.00; 152.00; 138.00;
338; 12091.00; 152.00; 26.00; 42.00; 30.00; 45.00; 139.00; 149.00; 143.00;
339; 11939.00; 152.00; 26.00; 42.00; 30.00; 46.00; 139.00; 152.00; 138.00;
340; 12321.00; 152.00; 26.00; 42.00; 29.00; 44.00; 143.00; 152.00; 138.00;
341; 12702.00; 39.00; 21.00; 44.00; 140.00; 151.00; 138.00; 152.00; 26.00;
342; 11938.00; 151.00; 26.00; 41.00; 30.00; 44.00; 138.00; 151.00; 138.00;
343; 11828.00; 150.00; 26.00; 41.00; 30.00; 44.00; 138.00; 150.00; 138.00;
344; 11774.00; 151.00; 27.00; 41.00; 30.00; 44.00; 138.00; 150.00; 137.00;
345; 11821.50; 42.00; 27.00; 44.00; 138.00; 149.00; 138.00; 150.00; 27.00;
346; 11827.50; 151.00; 27.00; 41.00; 30.00; 44.00; 138.00; 150.00; 138.00;
347; 11884.50; 151.00; 26.00; 41.00; 30.00; 44.00; 138.00; 151.00; 137.00;
348; 12983.00; 32.00; 21.00; 44.00; 139.00; 151.00; 138.00; 151.00; 26.00;
349; 12155.00; 152.00; 26.00; 41.00; 29.00; 44.00; 139.00; 151.00; 139.00;
350; 11993.00; 152.00; 26.00; 41.00; 30.00; 45.00; 139.00; 151.00; 138.00;
351; 10456.00; 45.00; 32.00; 49.00; 136.00; 148.00; 134.00; 149.00; 32.00;
352; 12142.00; 42.00; 22.00; 45.00; 138.00; 150.00; 138.00; 151.00; 27.00;
353; 11664.00; 150.00; 27.00; 42.00; 30.00; 45.00; 138.00; 150.00; 138.00;
354; 11612.00; 150.00; 27.00; 42.00; 31.00; 46.00; 139.00; 150.00; 138.00;
355; 11825.50; 151.00; 28.00; 42.00; 30.00; 44.00; 139.00; 150.00; 139.00;
356; 11828.00; 151.00; 28.00; 41.00; 31.00; 45.00; 140.00; 150.00; 139.00;
357; 12587.50; 37.00; 23.00; 44.00; 140.00; 150.00; 140.00; 151.00; 28.00;
358; 11935.50; 151.00; 28.00; 41.00; 31.00; 44.00; 140.00; 150.00; 140.00;
359; 11881.00; 150.00; 28.00; 41.00; 31.00; 44.00; 140.00; 150.00; 140.00;
360; 11828.00; 150.00; 28.00; 41.00; 31.00; 44.00; 140.00; 150.00; 139.00;
361; 11828.00; 151.00; 28.00; 41.00; 31.00; 45.00; 140.00; 150.00; 139.00;
362; 11940.50; 151.00; 27.00; 41.00; 31.00; 44.00; 139.00; 152.00; 138.00;
363; 11828.00; 151.00; 27.00; 41.00; 31.00; 45.00; 139.00; 150.00; 139.00;
364; 11828.00; 151.00; 27.00; 41.00; 31.00; 45.00; 139.00; 150.00; 139.00;
365; 11828.00; 150.00; 27.00; 41.00; 31.00; 44.00; 139.00; 150.00; 139.00;
366; 11828.00; 150.00; 27.00; 41.00; 31.00; 44.00; 139.00; 150.00; 139.00;
367; 11828.00; 150.00; 28.00; 41.00; 31.00; 44.00; 140.00; 150.00; 139.00;
368; 11828.00; 150.00; 28.00; 41.00; 31.00; 44.00; 140.00; 150.00; 139.00;
369; 11828.00; 150.00; 28.00; 41.00; 31.00; 44.00; 140.00; 150.00; 139.00;
370; 11881.00; 150.00; 28.00; 41.00; 31.00; 44.00; 140.00; 150.00; 140.00;
371; 11884.00; 150.00; 28.00; 40.00; 32.00; 44.00; 140.00; 150.00; 140.00;
372; 11884.00; 150.00; 28.00; 40.00; 32.00; 44.00; 140.00; 150.00; 140.00;
373; 12531.50; 38.00; 23.00; 44.00; 140.00; 150.00; 140.00; 151.00; 28.00;
374; 12041.50; 150.00; 27.00; 41.00; 31.00; 44.00; 140.00; 150.00; 142.00;
375; 11882.00; 151.00; 28.00; 41.00; 31.00; 44.00; 140.00; 150.00; 139.00;
376; 12478.00; 38.00; 23.00; 44.00; 140.00; 150.00; 139.00; 151.00; 28.00;
377; 12310.00; 41.00; 23.00; 44.00; 140.00; 150.00; 139.00; 151.00; 28.00;
378; 11884.00; 150.00; 28.00; 40.00; 32.00; 44.00; 140.00; 150.00; 140.00;
379; 12103.00; 150.00; 28.00; 40.00; 32.00; 43.00; 143.00; 150.00; 140.00;
380; 11939.00; 150.00; 28.00; 40.00; 32.00; 44.00; 141.00; 150.00; 140.00;
381; 12103.00; 150.00; 28.00; 40.00; 32.00; 43.00; 143.00; 150.00; 140.00;
382; 11938.00; 151.00; 28.00; 40.00; 32.00; 44.00; 140.00; 150.00; 140.00;
383; 12096.00; 151.00; 28.00; 41.00; 31.00; 44.00; 140.00; 150.00; 143.00;
384; 11935.50; 151.00; 28.00; 41.00; 31.00; 44.00; 140.00; 150.00; 140.00;
385; 11935.50; 150.00; 27.00; 41.00; 31.00; 44.00; 140.00; 150.00; 140.00;
386; 11938.00; 151.00; 28.00; 40.00; 32.00; 44.00; 140.00; 150.00; 140.00;
387; 11938.00; 151.00; 28.00; 40.00; 32.00; 44.00; 140.00; 150.00; 140.00;
388; 12103.00; 150.00; 28.00; 40.00; 32.00; 43.00; 143.00; 150.00; 140.00;
389; 11885.00; 150.00; 28.00; 40.00; 32.00; 45.00; 141.00; 150.00; 140.00;
390; 11884.00; 150.00; 28.00; 40.00; 32.00; 44.00; 140.00; 150.00; 140.00;
391; 11938.00; 151.00; 28.00; 40.00; 32.00; 44.00; 140.00; 150.00; 140.00;
392; 11938.00; 151.00; 28.00; 40.00; 32.00; 44.00; 140.00; 150.00; 140.00;
393; 11938.00; 151.00; 28.00; 40.00; 32.00; 44.00; 140.00; 150.00; 140.00;
394; 12646.00; 35.00; 23.00; 44.00; 140.00; 150.00; 139.00; 151.00; 28.00;
395; 11882.50; 150.00; 27.00; 41.00; 31.00; 44.00; 140.00; 150.00; 139.00;
396; 11886.00; 150.00; 27.00; 40.00; 32.00; 44.00; 140.00; 150.00; 139.00;
397; 12153.50; 150.00; 27.00; 41.00; 30.00; 43.00; 143.00; 150.00; 139.00;
398; 12153.50; 150.00; 27.00; 41.00; 30.00; 43.00; 143.00; 150.00; 139.00;
399; 11881.00; 150.00; 27.00; 41.00; 30.00; 45.00; 140.00; 150.00; 139.00;
400; 11828.50; 150.00; 27.00; 41.00; 31.00; 45.00; 140.00; 150.00; 139.00;
401; 11881.00; 150.00; 27.00; 41.00; 30.00; 45.00; 140.00; 150.00; 139.00;
402; 12153.50; 150.00; 27.00; 41.00; 30.00; 43.00; 143.00; 150.00; 139.00;
403; 11935.50; 150.00; 27.00; 41.00; 30.00; 44.00; 140.00; 150.00; 139.00;
404; 11935.50; 150.00; 27.00; 41.00; 30.00; 44.00; 140.00; 150.00; 139.00;
405; 12934.00; 34.00; 23.00; 43.00; 143.00; 150.00; 139.00; 150.00; 27.00;
406; 11778.00; 150.00; 27.00; 40.00; 32.00; 44.00; 139.00; 150.00; 138.00;
407; 11828.00; 150.00; 27.00; 41.00; 30.00; 44.00; 139.00; 150.00; 138.00;
408; 11881.00; 150.00; 27.00; 41.00; 30.00; 44.00; 139.00; 150.00; 139.00;
409; 12646.00; 35.00; 22.00; 44.00; 139.00; 150.00; 138.00; 151.00; 27.00;
410; 11935.50; 151.00; 27.00; 41.00; 30.00; 44.00; 139.00; 150.00; 139.00;
411; 11935.50; 151.00; 27.00; 41.00; 30.00; 44.00; 139.00; 150.00; 139.00;
412; 12147.50; 150.00; 26.00; 41.00; 30.00; 44.00; 139.00; 150.00; 143.00;
413; 11935.50; 151.00; 27.00; 41.00; 30.00; 44.00; 139.00; 150.00; 139.00;
414; 12590.00; 38.00; 22.00; 44.00; 139.00; 152.00; 138.00; 151.00; 27.00;
415; 11939.00; 150.00; 27.00; 40.00; 31.00; 44.00; 140.00; 150.00; 139.00;
416; 11939.00; 150.00; 27.00; 40.00; 31.00; 44.00; 140.00; 150.00; 139.00;
417; 11939.00; 150.00; 27.00; 40.00; 31.00; 44.00; 140.00; 150.00; 139.00;
418; 11939.00; 150.00; 27.00; 40.00; 31.00; 44.00; 140.00; 150.00; 139.00;
419; 11939.00; 150.00; 27.00; 40.00; 31.00; 44.00; 140.00; 150.00; 139.00;
420; 11939.00; 150.00; 27.00; 40.00; 31.00; 44.00; 140.00; 150.00; 139.00;
421; 11939.00; 150.00; 27.00; 40.00; 31.00; 44.00; 140.00; 150.00; 139.00;
422; 11939.00; 150.00; 27.00; 40.00; 31.00; 44.00; 140.00; 150.00; 139.00;
423; 11993.00; 150.00; 27.00; 40.00; 31.00; 43.00; 140.00; 150.00; 139.00;
424; 11993.00; 150.00; 27.00; 40.00; 31.00; 43.00; 140.00; 150.00; 139.00;
425; 11993.00; 150.00; 27.00; 40.00; 31.00; 43.00; 140.00; 150.00; 139.00;
426; 12047.00; 150.00; 27.00; 40.00; 31.00; 44.00; 141.00; 150.00; 140.00;
427; 11992.00; 150.00; 28.00; 40.00; 31.00; 44.00; 141.00; 150.00; 140.00;
428; 11939.00; 150.00; 28.00; 40.00; 32.00; 44.00; 141.00; 150.00; 140.00;
429; 11993.00; 150.00; 28.00; 40.00; 32.00; 43.00; 141.00; 150.00; 140.00;
430; 11993.00; 150.00; 28.00; 40.00; 32.00; 43.00; 141.00; 150.00; 140.00;
431; 11939.00; 150.00; 28.00; 40.00; 32.00; 44.00; 141.00; 150.00; 140.00;
432; 11992.00; 150.00; 28.00; 40.00; 31.00; 44.00; 141.00; 150.00; 140.00;
433; 12225.00; 150.00; 28.00; 34.00; 34.00; 43.00; 141.00; 150.00; 140.00;
434; 11992.00; 150.00; 28.00; 40.00; 31.00; 44.00; 141.00; 150.00; 140.00;
435; 11993.00; 150.00; 28.00; 40.00; 32.00; 43.00; 141.00; 150.00; 140.00;
436; 11993.00; 150.00; 28.00; 40.00; 32.00; 43.00; 141.00; 150.00; 140.00;
437; 11993.00; 150.00; 28.00; 40.00; 32.00; 43.00; 141.00; 150.00; 140.00;
438; 11992.00; 150.00; 28.00; 40.00; 31.00; 44.00; 141.00; 150.00; 140.00;
439; 11939.00; 150.00; 28.00; 40.00; 31.00; 44.00; 141.00; 150.00; 139.00;
440; 11938.00; 150.00; 28.00; 40.00; 31.00; 43.00; 140.00; 150.00; 139.00;
441; 11938.00; 150.00; 28.00; 40.00; 31.00; 43.00; 140.00; 150.00; 139.00;
442; 11938.00; 150.00; 28.00; 40.00; 31.00; 43.00; 140.00; 150.00; 139.00;
443; 11938.00; 150.00; 28.00; 40.00; 31.00; 43.00; 140.00; 150.00; 139.00;
444; 11938.00; 150.00; 28.00; 40.00; 31.00; 43.00; 140.00; 150.00; 139.00;
445; 11938.00; 150.00; 28.00; 40.00; 31.00; 43.00; 140.00; 150.00; 139.00;
446; 11938.00; 150.00; 28.00; 40.00; 31.00; 43.00; 140.00; 150.00; 139.00;
447; 11938.00; 150.00; 28.00; 40.00; 31.00; 43.00; 140.00; 150.00; 139.00;
448; 11939.00; 150.00; 27.00; 40.00; 31.00; 44.00; 140.00; 150.00; 139.00;
449; 11939.00; 150.00; 27.00; 40.00; 31.00; 44.00; 140.00; 150.00; 139.00;
450; 11831.00; 150.00; 27.00; 40.00; 31.00; 44.00; 139.00; 150.00; 138.00;
451; 11928.00; 150.00; 27.00; 40.00; 31.00; 44.00; 139.00; 147.00; 143.00;
452; 11831.00; 150.00; 27.00; 40.00; 31.00; 44.00; 139.00; 150.00; 138.00;
453; 11886.00; 150.00; 26.00; 40.00; 31.00; 44.00; 139.00; 150.00; 138.00;
454; 11831.00; 150.00; 27.00; 40.00; 31.00; 44.00; 139.00; 150.00; 138.00;
455; 11831.00; 150.00; 27.00; 40.00; 31.00; 44.00; 139.00; 150.00; 138.00;
456; 11884.00; 150.00; 27.00; 40.00; 31.00; 44.00; 139.00; 150.00; 139.00;
457; 11884.00; 150.00; 27.00; 40.00; 31.00; 44.00; 139.00; 150.00; 139.00;
458; 12814.00; 32.00; 22.00; 44.00; 139.00; 150.00; 138.00; 151.00; 27.00;
459; 11882.50; 150.00; 26.00; 41.00; 30.00; 44.00; 139.00; 150.00; 138.00;
460; 11881.00; 150.00; 26.00; 41.00; 29.00; 45.00; 139.00; 150.00; 138.00;
461; 11881.00; 150.00; 26.00; 41.00; 29.00; 44.00; 138.00; 150.00; 138.00;
462; 11882.50; 150.00; 26.00; 41.00; 30.00; 44.00; 139.00; 150.00; 138.00;
463; 12590.00; 36.00; 22.00; 44.00; 139.00; 150.00; 138.00; 151.00; 27.00;
464; 11831.00; 150.00; 27.00; 40.00; 31.00; 44.00; 139.00; 150.00; 138.00;
465; 11884.00; 150.00; 27.00; 40.00; 31.00; 44.00; 139.00; 150.00; 139.00;
466; 11884.00; 150.00; 27.00; 40.00; 31.00; 44.00; 139.00; 150.00; 139.00;
467; 11939.00; 150.00; 27.00; 40.00; 31.00; 44.00; 140.00; 150.00; 139.00;
468; 11939.00; 150.00; 27.00; 40.00; 31.00; 44.00; 140.00; 150.00; 139.00;
469; 11939.00; 150.00; 27.00; 40.00; 31.00; 44.00; 140.00; 150.00; 139.00;
470; 11831.00; 150.00; 27.00; 40.00; 31.00; 44.00; 139.00; 150.00; 138.00;
471; 11831.00; 150.00; 27.00; 40.00; 31.00; 44.00; 139.00; 150.00; 138.00;
472; 12814.00; 32.00; 22.00; 44.00; 139.00; 150.00; 138.00; 151.00; 27.00;
473; 11940.50; 151.00; 26.00; 41.00; 30.00; 44.00; 138.00; 152.00; 137.00;
474; 11935.50; 151.00; 26.00; 41.00; 29.00; 44.00; 138.00; 150.00; 138.00;
475; 11882.00; 151.00; 26.00; 41.00; 30.00; 44.00; 138.00; 150.00; 138.00;
476; 11828.50; 150.00; 26.00; 41.00; 30.00; 45.00; 139.00; 150.00; 138.00;
477; 12100.00; 150.00; 26.00; 41.00; 30.00; 43.00; 142.00; 150.00; 138.00;
478; 10507.00; 44.00; 32.00; 47.00; 136.00; 147.00; 134.00; 148.00; 32.00;
479; 11828.50; 150.00; 26.00; 41.00; 30.00; 45.00; 139.00; 150.00; 138.00;
480; 11828.00; 150.00; 26.00; 41.00; 30.00; 44.00; 138.00; 150.00; 138.00;
481; 11881.00; 150.00; 26.00; 41.00; 29.00; 44.00; 138.00; 150.00; 138.00;
482; 12223.00; 151.00; 26.00; 33.00; 32.00; 44.00; 138.00; 150.00; 138.00;
483; 11994.00; 151.00; 26.00; 41.00; 29.00; 44.00; 138.00; 152.00; 137.00;
484; 11994.00; 151.00; 26.00; 41.00; 29.00; 44.00; 138.00; 152.00; 137.00;
485; 11882.00; 151.00; 26.00; 41.00; 30.00; 44.00; 138.00; 150.00; 138.00;
486; 11828.50; 150.00; 26.00; 41.00; 30.00; 45.00; 139.00; 150.00; 138.00;
487; 11828.50; 150.00; 26.00; 41.00; 30.00; 45.00; 139.00; 150.00; 138.00;
488; 11886.00; 150.00; 26.00; 40.00; 31.00; 44.00; 139.00; 150.00; 138.00;
489; 11886.00; 150.00; 26.00; 40.00; 31.00; 44.00; 139.00; 150.00; 138.00;
490; 12815.00; 32.00; 22.00; 44.00; 139.00; 150.00; 138.00; 150.00; 26.00;
491; 11828.00; 150.00; 26.00; 41.00; 30.00; 44.00; 138.00; 150.00; 138.00;
492; 11828.00; 150.00; 26.00; 41.00; 30.00; 44.00; 138.00; 150.00; 138.00;
493; 11935.50; 151.00; 26.00; 41.00; 29.00; 44.00; 138.00; 150.00; 138.00;
494; 11935.50; 151.00; 26.00; 41.00; 29.00; 44.00; 138.00; 150.00; 138.00;
495; 11935.50; 151.00; 26.00; 41.00; 29.00; 44.00; 138.00; 150.00; 138.00;
496; 12363.50; 41.00; 21.00; 44.00; 138.00; 150.00; 138.00; 151.00; 26.00;
497; 12531.50; 38.00; 21.00; 44.00; 138.00; 150.00; 138.00; 151.00; 26.00;
498; 12531.50; 38.00; 21.00; 44.00; 138.00; 150.00; 138.00; 151.00; 26.00;
499; 12590.00; 38.00; 21.00; 44.00; 138.00; 152.00; 137.00; 151.00; 26.00;
500; 11884.00; 151.00; 26.00; 41.00; 29.00; 45.00; 138.00; 151.00; 137.00;
501; 12143.50; 150.00; 25.00; 41.00; 29.00; 45.00; 138.00; 150.00; 143.00;
502; 11828.00; 151.00; 26.00; 41.00; 29.00; 45.00; 138.00; 150.00; 137.00;
503; 11828.00; 150.00; 25.00; 41.00; 29.00; 44.00; 137.00; 150.00; 137.00;
504; 11828.00; 150.00; 25.00; 41.00; 29.00; 44.00; 137.00; 150.00; 137.00;
505; 11828.00; 150.00; 25.00; 41.00; 29.00; 44.00; 137.00; 150.00; 137.00;
506; 12200.50; 151.00; 25.00; 41.00; 29.00; 45.00; 138.00; 150.00; 143.00;
507; 11993.00; 151.00; 25.00; 41.00; 29.00; 44.00; 138.00; 151.00; 137.00;
508; 11993.00; 151.00; 25.00; 41.00; 29.00; 44.00; 138.00; 151.00; 137.00;
509; 11938.00; 151.00; 26.00; 41.00; 29.00; 44.00; 138.00; 151.00; 137.00;
510; 11938.00; 151.00; 26.00; 41.00; 29.00; 44.00; 138.00; 151.00; 137.00;
511; 11993.00; 151.00; 26.00; 41.00; 29.00; 44.00; 139.00; 151.00; 137.00;
512; 12046.50; 151.00; 26.00; 41.00; 29.00; 44.00; 139.00; 151.00; 138.00;
513; 12046.50; 151.00; 26.00; 41.00; 29.00; 44.00; 139.00; 151.00; 138.00;
514; 11988.50; 150.00; 26.00; 41.00; 29.00; 44.00; 139.00; 150.00; 139.00;
515; 11988.50; 150.00; 26.00; 41.00; 29.00; 44.00; 139.00; 150.00; 139.00;
516; 12868.00; 32.00; 22.00; 44.00; 139.00; 150.00; 139.00; 150.00; 26.00;
517; 12868.00; 32.00; 22.00; 44.00; 139.00; 150.00; 139.00; 150.00; 26.00;
518; 11938.00; 151.00; 27.00; 40.00; 31.00; 44.00; 139.00; 150.00; 139.00;
519; 12212.00; 151.00; 27.00; 40.00; 31.00; 43.00; 143.00; 150.00; 139.00;
520; 11993.00; 151.00; 27.00; 40.00; 31.00; 44.00; 140.00; 150.00; 139.00;
521; 11939.00; 150.00; 27.00; 40.00; 31.00; 44.00; 140.00; 150.00; 139.00;
522; 11939.00; 150.00; 27.00; 40.00; 31.00; 44.00; 140.00; 150.00; 139.00;
523; 11727.00; 149.00; 27.00; 150.00; 138.00; 45.00; 140.00; 40.00; 32.00;
524; 11939.00; 150.00; 27.00; 40.00; 31.00; 44.00; 140.00; 150.00; 139.00;
525; 11939.00; 150.00; 27.00; 40.00; 31.00; 44.00; 140.00; 150.00; 139.00;
526; 11939.00; 150.00; 27.00; 40.00; 31.00; 44.00; 140.00; 150.00; 139.00;
527; 11939.00; 150.00; 27.00; 40.00; 31.00; 44.00; 140.00; 150.00; 139.00;
528; 12813.50; 34.00; 23.00; 43.00; 140.00; 150.00; 140.00; 150.00; 27.00;
529; 12051.00; 150.00; 27.00; 39.00; 32.00; 44.00; 141.00; 150.00; 140.00;
530; 12047.00; 150.00; 27.00; 40.00; 31.00; 44.00; 141.00; 150.00; 140.00;
531; 12644.00; 37.00; 23.00; 43.00; 140.00; 150.00; 140.00; 150.00; 27.00;
532; 12046.50; 150.00; 27.00; 40.00; 31.00; 43.00; 140.00; 150.00; 140.00;
533; 12100.00; 150.00; 27.00; 40.00; 30.00; 43.00; 140.00; 150.00; 140.00;
534; 11992.00; 150.00; 27.00; 40.00; 30.00; 44.00; 140.00; 150.00; 139.00;
535; 11992.00; 150.00; 27.00; 40.00; 30.00; 44.00; 140.00; 150.00; 139.00;
536; 11939.00; 150.00; 27.00; 40.00; 31.00; 44.00; 140.00; 150.00; 139.00;
537; 11992.00; 150.00; 27.00; 40.00; 30.00; 44.00; 140.00; 150.00; 139.00;
538; 12047.00; 150.00; 26.00; 40.00; 30.00; 44.00; 140.00; 150.00; 139.00;
539; 12046.50; 150.00; 26.00; 40.00; 30.00; 43.00; 139.00; 150.00; 139.00;
540; 12644.00; 37.00; 22.00; 43.00; 139.00; 150.00; 139.00; 150.00; 26.00;
541; 12644.00; 37.00; 22.00; 43.00; 139.00; 150.00; 139.00; 150.00; 26.00;
542; 12644.00; 37.00; 22.00; 43.00; 139.00; 150.00; 139.00; 150.00; 26.00;
543; 12644.00; 37.00; 22.00; 43.00; 139.00; 150.00; 139.00; 150.00; 26.00;
544; 11992.00; 150.00; 27.00; 40.00; 30.00; 44.00; 140.00; 150.00; 139.00;
545; 11992.00; 150.00; 27.00; 40.00; 30.00; 44.00; 140.00; 150.00; 139.00;
546; 11993.00; 150.00; 27.00; 40.00; 31.00; 43.00; 140.00; 150.00; 139.00;
547; 11993.00; 150.00; 27.00; 40.00; 31.00; 43.00; 140.00; 150.00; 139.00;
548; 11993.00; 150.00; 27.00; 40.00; 31.00; 43.00; 140.00; 150.00; 139.00;
549; 11939.00; 150.00; 27.00; 40.00; 31.00; 44.00; 140.00; 150.00; 139.00;
550; 11939.00; 150.00; 27.00; 40.00; 31.00; 44.00; 140.00; 150.00; 139.00;
551; 11992.00; 150.00; 27.00; 40.00; 30.00; 44.00; 140.00; 150.00; 139.00;
552; 11992.00; 150.00; 27.00; 40.00; 30.00; 44.00; 140.00; 150.00; 139.00;
553; 11993.00; 150.00; 27.00; 40.00; 31.00; 43.00; 140.00; 150.00; 139.00;
554; 11993.00; 150.00; 27.00; 40.00; 31.00; 43.00; 140.00; 150.00; 139.00;
555; 12647.00; 36.00; 23.00; 43.00; 140.00; 150.00; 139.00; 150.00; 27.00;
556; 11993.00; 150.00; 27.00; 40.00; 31.00; 43.00; 140.00; 150.00; 139.00;
557; 12046.50; 150.00; 27.00; 40.00; 30.00; 43.00; 140.00; 150.00; 139.00;
558; 11992.00; 150.00; 27.00; 40.00; 30.00; 44.00; 140.00; 150.00; 139.00;
559; 11992.00; 150.00; 27.00; 40.00; 30.00; 44.00; 140.00; 150.00; 139.00;
560; 12047.00; 150.00; 26.00; 40.00; 30.00; 44.00; 140.00; 150.00; 139.00;
561; 12047.00; 150.00; 26.00; 40.00; 30.00; 44.00; 140.00; 150.00; 139.00;
562; 11992.00; 150.00; 27.00; 40.00; 30.00; 44.00; 140.00; 150.00; 139.00;
563; 12046.50; 150.00; 27.00; 40.00; 30.00; 43.00; 140.00; 150.00; 139.00;
564; 12046.50; 150.00; 27.00; 40.00; 30.00; 43.00; 140.00; 150.00; 139.00;
565; 12046.50; 150.00; 27.00; 40.00; 30.00; 43.00; 140.00; 150.00; 139.00;
566; 11939.00; 150.00; 27.00; 40.00; 30.00; 44.00; 140.00; 150.00; 138.00;
567; 11938.00; 150.00; 27.00; 40.00; 30.00; 43.00; 139.00; 150.00; 138.00;
568; 12590.50; 37.00; 22.00; 43.00; 139.00; 150.00; 138.00; 150.00; 26.00;
569; 12587.50; 37.00; 22.00; 43.00; 139.00; 149.00; 139.00; 150.00; 26.00;
570; 12046.50; 150.00; 26.00; 40.00; 30.00; 43.00; 139.00; 150.00; 139.00;
571; 11992.00; 150.00; 27.00; 40.00; 30.00; 44.00; 140.00; 150.00; 139.00;
572; 11939.00; 150.00; 27.00; 40.00; 30.00; 44.00; 140.00; 150.00; 138.00;
573; 11994.00; 150.00; 26.00; 40.00; 30.00; 44.00; 140.00; 150.00; 138.00;
574; 12590.50; 37.00; 22.00; 43.00; 139.00; 150.00; 138.00; 150.00; 26.00;
575; 11939.00; 150.00; 26.00; 40.00; 30.00; 44.00; 139.00; 150.00; 138.00;
576; 11993.00; 150.00; 26.00; 40.00; 30.00; 43.00; 139.00; 150.00; 138.00;
577; 11993.00; 150.00; 26.00; 40.00; 30.00; 43.00; 139.00; 150.00; 138.00;
578; 11993.00; 150.00; 26.00; 40.00; 30.00; 43.00; 139.00; 150.00; 138.00;
579; 11938.00; 150.00; 27.00; 40.00; 30.00; 43.00; 139.00; 150.00; 138.00;
580; 11939.00; 149.00; 26.00; 40.00; 30.00; 43.00; 139.00; 150.00; 138.00;
581; 12590.50; 37.00; 22.00; 43.00; 139.00; 150.00; 138.00; 150.00; 26.00;
582; 12590.50; 37.00; 22.00; 43.00; 139.00; 150.00; 138.00; 150.00; 26.00;
583; 12590.50; 37.00; 22.00; 43.00; 139.00; 150.00; 138.00; 150.00; 26.00;
584; 12421.00; 39.00; 23.00; 43.00; 139.00; 149.00; 139.00; 150.00; 26.00;
585; 11938.00; 150.00; 27.00; 40.00; 30.00; 43.00; 139.00; 150.00; 138.00;
586; 11999.00; 149.00; 26.00; 38.00; 31.00; 43.00; 139.00; 150.00; 138.00;
587; 11993.00; 150.00; 26.00; 40.00; 30.00; 43.00; 139.00; 150.00; 138.00;
588; 11993.00; 150.00; 26.00; 40.00; 30.00; 43.00; 139.00; 150.00; 138.00;
589; 11939.00; 150.00; 26.00; 40.00; 30.00; 44.00; 139.00; 150.00; 138.00;
590; 11939.00; 150.00; 26.00; 40.00; 30.00; 44.00; 139.00; 150.00; 138.00;
591; 11993.00; 150.00; 26.00; 40.00; 30.00; 43.00; 139.00; 150.00; 138.00;
592; 12590.50; 37.00; 22.00; 43.00; 139.00; 150.00; 138.00; 150.00; 26.00;
593; 11999.00; 149.00; 26.00; 38.00; 31.00; 43.00; 139.00; 150.00; 138.00;
594; 11996.00; 150.00; 26.00; 39.00; 31.00; 43.00; 139.00; 150.00; 138.00;
595; 12590.50; 37.00; 22.00; 43.00; 139.00; 150.00; 138.00; 150.00; 26.00;
596; 12590.50; 37.00; 22.00; 43.00; 139.00; 150.00; 138.00; 150.00; 26.00;
597; 12760.00; 34.00; 22.00; 43.00; 139.00; 150.00; 138.00; 150.00; 26.00;
598; 11993.00; 150.00; 26.00; 40.00; 30.00; 43.00; 139.00; 150.00; 138.00;
599; 12760.00; 34.00; 22.00; 43.00; 139.00; 150.00; 138.00; 150.00; 26.00;
600; 11994.00; 150.00; 26.00; 40.00; 30.00; 44.00; 140.00; 150.00; 138.00;
601; 11939.00; 150.00; 27.00; 40.00; 30.00; 44.00; 140.00; 150.00; 138.00;
602; 11939.00; 150.00; 27.00; 40.00; 30.00; 44.00; 140.00; 150.00; 138.00;
603; 11939.00; 150.00; 27.00; 40.00; 30.00; 44.00; 140.00; 150.00; 138.00;
604; 11942.50; 150.00; 27.00; 39.00; 31.00; 44.00; 140.00; 150.00; 138.00;
605; 11938.00; 150.00; 27.00; 40.00; 30.00; 43.00; 139.00; 150.00; 138.00;
606; 11938.00; 150.00; 27.00; 40.00; 30.00; 43.00; 139.00; 150.00; 138.00;
607; 11939.00; 149.00; 26.00; 40.00; 30.00; 43.00; 139.00; 150.00; 138.00;
608; 11939.00; 150.00; 27.00; 40.00; 30.00; 44.00; 140.00; 150.00; 138.00;
609; 11992.00; 150.00; 27.00; 40.00; 30.00; 44.00; 140.00; 150.00; 139.00;
610; 12046.50; 150.00; 27.00; 40.00; 30.00; 43.00; 140.00; 150.00; 139.00;
611; 12046.50; 150.00; 27.00; 40.00; 30.00; 43.00; 140.00; 150.00; 139.00;
612; 12046.50; 150.00; 27.00; 40.00; 30.00; 43.00; 140.00; 150.00; 139.00;
613; 12046.50; 150.00; 27.00; 40.00; 30.00; 43.00; 140.00; 150.00; 139.00;
614; 12816.50; 33.00; 23.00; 43.00; 140.00; 150.00; 139.00; 150.00; 27.00;
615; 11996.00; 150.00; 27.00; 39.00; 32.00; 43.00; 140.00; 150.00; 139.00;
616; 12046.50; 150.00; 27.00; 40.00; 30.00; 43.00; 140.00; 150.00; 139.00;
617; 12049.50; 150.00; 27.00; 39.00; 31.00; 43.00; 140.00; 150.00; 139.00;
618; 12049.50; 150.00; 27.00; 39.00; 31.00; 43.00; 140.00; 150.00; 139.00;
619; 12049.50; 150.00; 27.00; 39.00; 31.00; 43.00; 140.00; 150.00; 139.00;
620; 12153.50; 150.00; 27.00; 40.00; 28.00; 43.00; 140.00; 150.00; 139.00;
621; 12049.50; 150.00; 27.00; 39.00; 31.00; 43.00; 140.00; 150.00; 139.00;
622; 12049.50; 150.00; 27.00; 39.00; 31.00; 43.00; 140.00; 150.00; 139.00;
623; 10611.00; 43.00; 33.00; 46.00; 137.00; 147.00; 135.00; 147.00; 32.00;
624; 12105.00; 150.00; 26.00; 39.00; 31.00; 43.00; 140.00; 150.00; 139.00;
625; 12870.00; 33.00; 22.00; 43.00; 139.00; 150.00; 139.00; 150.00; 26.00;
626; 12100.00; 150.00; 26.00; 40.00; 29.00; 43.00; 139.00; 150.00; 139.00;
627; 12983.00; 31.00; 22.00; 43.00; 139.00; 150.00; 139.00; 150.00; 26.00;
628; 12105.00; 150.00; 26.00; 39.00; 31.00; 43.00; 140.00; 150.00; 139.00;
629; 12262.00; 150.00; 26.00; 40.00; 27.00; 43.00; 140.00; 150.00; 139.00;
630; 12105.00; 150.00; 26.00; 39.00; 31.00; 43.00; 140.00; 150.00; 139.00;
631; 12105.00; 150.00; 26.00; 39.00; 31.00; 43.00; 140.00; 150.00; 139.00;
632; 12105.00; 150.00; 26.00; 39.00; 31.00; 43.00; 140.00; 150.00; 139.00;
633; 12105.00; 150.00; 26.00; 39.00; 31.00; 43.00; 140.00; 150.00; 139.00;
634; 12105.00; 150.00; 26.00; 39.00; 31.00; 43.00; 140.00; 150.00; 139.00;
635; 10663.50; 42.00; 34.00; 46.00; 137.00; 147.00; 135.00; 148.00; 32.00;
636; 12105.00; 150.00; 26.00; 39.00; 31.00; 43.00; 140.00; 150.00; 139.00;
637; 12051.00; 149.00; 26.00; 39.00; 31.00; 43.00; 140.00; 150.00; 139.00;
638; 12049.50; 150.00; 27.00; 39.00; 31.00; 43.00; 140.00; 150.00; 139.00;
639; 12049.50; 150.00; 27.00; 39.00; 31.00; 43.00; 140.00; 150.00; 139.00;
640; 12049.50; 150.00; 27.00; 39.00; 31.00; 43.00; 140.00; 150.00; 139.00;
641; 12051.00; 149.00; 26.00; 39.00; 31.00; 43.00; 140.00; 150.00; 139.00;
642; 12051.00; 150.00; 26.00; 39.00; 31.00; 44.00; 140.00; 150.00; 139.00;
643; 12158.50; 150.00; 26.00; 39.00; 30.00; 43.00; 140.00; 150.00; 139.00;
644; 12105.00; 150.00; 26.00; 39.00; 31.00; 43.00; 140.00; 150.00; 139.00;
645; 12051.00; 149.00; 26.00; 39.00; 31.00; 43.00; 140.00; 150.00; 139.00;
646; 12049.50; 150.00; 27.00; 39.00; 31.00; 43.00; 140.00; 150.00; 139.00;
647; 12049.50; 150.00; 27.00; 39.00; 31.00; 43.00; 140.00; 150.00; 139.00;
648; 11996.00; 150.00; 27.00; 39.00; 31.00; 43.00; 140.00; 150.00; 138.00;
649; 11998.00; 149.00; 26.00; 39.00; 31.00; 43.00; 140.00; 150.00; 138.00;
650; 12051.50; 150.00; 26.00; 39.00; 31.00; 43.00; 140.00; 150.00; 138.00;
651; 11998.00; 149.00; 26.00; 39.00; 31.00; 43.00; 140.00; 150.00; 138.00;
652; 12049.50; 150.00; 27.00; 39.00; 31.00; 43.00; 140.00; 150.00; 139.00;
653; 12049.50; 150.00; 27.00; 39.00; 31.00; 43.00; 140.00; 150.00; 139.00;
654; 12153.00; 150.00; 27.00; 39.00; 31.00; 44.00; 141.00; 149.00; 142.00;
655; 12049.50; 150.00; 27.00; 39.00; 31.00; 43.00; 140.00; 150.00; 139.00;
656; 12049.50; 150.00; 27.00; 39.00; 31.00; 43.00; 140.00; 150.00; 139.00;
657; 12049.50; 150.00; 27.00; 39.00; 31.00; 43.00; 140.00; 150.00; 139.00;
658; 11996.00; 150.00; 27.00; 39.00; 31.00; 43.00; 140.00; 150.00; 138.00;
659; 11996.00; 150.00; 27.00; 39.00; 31.00; 43.00; 140.00; 150.00; 138.00;
660; 11996.00; 150.00; 27.00; 39.00; 31.00; 43.00; 140.00; 150.00; 138.00;
661; 11996.00; 150.00; 27.00; 39.00; 31.00; 43.00; 140.00; 150.00; 138.00;
662; 12049.50; 150.00; 27.00; 39.00; 31.00; 43.00; 140.00; 150.00; 139.00;
663; 12049.50; 150.00; 27.00; 39.00; 31.00; 43.00; 140.00; 150.00; 139.00;
664; 11996.00; 150.00; 27.00; 39.00; 31.00; 43.00; 140.00; 150.00; 138.00;
665; 11993.00; 150.00; 27.00; 39.00; 31.00; 43.00; 140.00; 149.00; 139.00;
666; 11993.00; 150.00; 27.00; 39.00; 31.00; 43.00; 140.00; 149.00; 139.00;
667; 11996.00; 150.00; 27.00; 39.00; 31.00; 43.00; 140.00; 150.00; 138.00;
668; 11993.00; 150.00; 27.00; 39.00; 31.00; 43.00; 140.00; 149.00; 139.00;
669; 12046.50; 150.00; 27.00; 39.00; 30.00; 43.00; 140.00; 149.00; 139.00;
670; 11993.00; 150.00; 27.00; 39.00; 31.00; 43.00; 140.00; 149.00; 139.00;
671; 11993.00; 150.00; 27.00; 39.00; 31.00; 43.00; 140.00; 149.00; 139.00;
672; 11784.00; 149.00; 27.00; 150.00; 137.00; 44.00; 140.00; 39.00; 32.00;
673; 11994.00; 149.00; 26.00; 39.00; 31.00; 43.00; 140.00; 149.00; 139.00;
674; 11940.00; 149.00; 26.00; 39.00; 31.00; 44.00; 140.00; 149.00; 139.00;
675; 11992.50; 149.00; 26.00; 39.00; 30.00; 44.00; 140.00; 149.00; 139.00;
676; 11939.00; 149.00; 26.00; 39.00; 30.00; 43.00; 139.00; 149.00; 138.00;
677; 12156.50; 149.00; 26.00; 39.00; 30.00; 42.00; 141.00; 149.00; 139.00;
678; 12047.00; 149.00; 26.00; 39.00; 30.00; 43.00; 140.00; 149.00; 139.00;
679; 11992.00; 149.00; 27.00; 39.00; 30.00; 43.00; 140.00; 149.00; 139.00;
680; 11939.00; 149.00; 27.00; 39.00; 31.00; 43.00; 140.00; 149.00; 139.00;
681; 11939.00; 149.00; 27.00; 39.00; 31.00; 43.00; 140.00; 149.00; 139.00;
682; 11939.00; 149.00; 27.00; 39.00; 31.00; 43.00; 140.00; 149.00; 139.00;
683; 11731.50; 148.00; 27.00; 150.00; 137.00; 44.00; 140.00; 39.00; 32.00;
684; 11944.50; 149.00; 27.00; 38.00; 32.00; 44.00; 141.00; 149.00; 139.00;
685; 12220.50; 149.00; 27.00; 37.00; 32.00; 42.00; 143.00; 149.00; 139.00;
686; 12642.00; 36.00; 23.00; 43.00; 141.00; 149.00; 140.00; 149.00; 27.00;
687; 12047.00; 149.00; 27.00; 39.00; 31.00; 43.00; 141.00; 149.00; 140.00;
688; 12405.00; 149.00; 27.00; 30.00; 34.00; 43.00; 141.00; 150.00; 139.00;
689; 12642.00; 36.00; 23.00; 43.00; 141.00; 149.00; 140.00; 149.00; 27.00;
690; 12984.00; 30.00; 23.00; 43.00; 141.00; 149.00; 140.00; 149.00; 27.00;
691; 12761.00; 35.00; 23.00; 42.00; 142.00; 149.00; 139.00; 149.00; 27.00;
692; 11942.50; 149.00; 27.00; 38.00; 32.00; 43.00; 140.00; 149.00; 139.00;
693; 11939.00; 149.00; 27.00; 39.00; 31.00; 43.00; 140.00; 149.00; 139.00;
694; 11939.00; 149.00; 27.00; 39.00; 31.00; 43.00; 140.00; 149.00; 139.00;
695; 11939.00; 149.00; 27.00; 39.00; 31.00; 43.00; 140.00; 149.00; 139.00;
696; 13032.00; 35.00; 23.00; 42.00; 143.00; 149.00; 143.00; 149.00; 27.00;
697; 11939.00; 149.00; 27.00; 39.00; 31.00; 43.00; 140.00; 149.00; 139.00;
698; 11939.00; 149.00; 27.00; 39.00; 31.00; 43.00; 140.00; 149.00; 139.00;
699; 11939.00; 149.00; 27.00; 39.00; 31.00; 43.00; 140.00; 149.00; 139.00;
700; 11939.00; 149.00; 27.00; 39.00; 31.00; 43.00; 140.00; 149.00; 139.00;
701; 12104.50; 149.00; 27.00; 39.00; 31.00; 42.00; 143.00; 149.00; 138.00;
702; 11939.00; 149.00; 27.00; 39.00; 31.00; 43.00; 140.00; 149.00; 139.00;
703; 11942.50; 149.00; 27.00; 38.00; 32.00; 43.00; 140.00; 149.00; 139.00;
704; 11939.00; 149.00; 27.00; 39.00; 31.00; 43.00; 140.00; 149.00; 139.00;
705; 11939.00; 149.00; 27.00; 39.00; 31.00; 43.00; 140.00; 149.00; 139.00;
706; 11939.00; 149.00; 27.00; 39.00; 31.00; 43.00; 140.00; 149.00; 139.00;
707; 11939.00; 149.00; 27.00; 39.00; 31.00; 43.00; 140.00; 149.00; 139.00;
708; 11939.00; 149.00; 27.00; 39.00; 31.00; 43.00; 140.00; 149.00; 139.00;
709; 11939.00; 149.00; 26.00; 39.00; 31.00; 43.00; 139.00; 149.00; 139.00;
710; 11939.00; 149.00; 26.00; 39.00; 30.00; 43.00; 139.00; 149.00; 138.00;
711; 11939.00; 149.00; 26.00; 39.00; 30.00; 43.00; 139.00; 149.00; 138.00;
712; 11939.00; 149.00; 26.00; 39.00; 30.00; 43.00; 139.00; 149.00; 138.00;
713; 12532.50; 36.00; 22.00; 43.00; 139.00; 149.00; 138.00; 149.00; 26.00;
714; 11886.00; 149.00; 26.00; 39.00; 31.00; 43.00; 139.00; 149.00; 138.00;
715; 12757.00; 31.00; 22.00; 44.00; 139.00; 149.00; 138.00; 149.00; 26.00;
716; 11940.00; 149.00; 26.00; 40.00; 29.00; 43.00; 138.00; 151.00; 137.00;
717; 11945.50; 149.00; 26.00; 39.00; 30.00; 44.00; 139.00; 151.00; 137.00;
718; 11942.50; 149.00; 26.00; 39.00; 30.00; 43.00; 139.00; 150.00; 137.00;
719; 11939.00; 149.00; 26.00; 39.00; 30.00; 43.00; 139.00; 149.00; 138.00;
720; 11886.00; 149.00; 26.00; 39.00; 31.00; 43.00; 139.00; 149.00; 138.00;
721; 11886.00; 149.00; 26.00; 39.00; 31.00; 43.00; 139.00; 149.00; 138.00;
722; 11886.00; 149.00; 26.00; 39.00; 31.00; 43.00; 139.00; 149.00; 138.00;
723; 11886.00; 149.00; 26.00; 39.00; 31.00; 43.00; 139.00; 149.00; 138.00;
724; 12532.50; 36.00; 22.00; 43.00; 139.00; 149.00; 138.00; 149.00; 26.00;
725; 11939.00; 149.00; 26.00; 39.00; 30.00; 43.00; 139.00; 149.00; 138.00;
726; 11939.00; 149.00; 26.00; 39.00; 30.00; 43.00; 139.00; 149.00; 138.00;
727; 11886.00; 149.00; 26.00; 39.00; 31.00; 43.00; 139.00; 149.00; 138.00;
728; 11832.50; 148.00; 26.00; 39.00; 31.00; 43.00; 139.00; 149.00; 138.00;
729; 11886.00; 149.00; 26.00; 39.00; 31.00; 43.00; 139.00; 149.00; 138.00;
730; 11886.00; 149.00; 26.00; 39.00; 31.00; 43.00; 139.00; 149.00; 138.00;
731; 11886.00; 149.00; 26.00; 39.00; 31.00; 43.00; 139.00; 149.00; 138.00;
732; 11886.00; 149.00; 26.00; 39.00; 31.00; 43.00; 139.00; 149.00; 138.00;
733; 11886.00; 149.00; 26.00; 39.00; 31.00; 43.00; 139.00; 149.00; 138.00;
734; 11887.50; 149.00; 26.00; 39.00; 31.00; 44.00; 140.00; 149.00; 138.00;
735; 11887.50; 149.00; 26.00; 39.00; 31.00; 44.00; 140.00; 149.00; 138.00;
736; 11834.00; 148.00; 26.00; 39.00; 31.00; 44.00; 140.00; 149.00; 138.00;
737; 11886.00; 149.00; 26.00; 39.00; 31.00; 43.00; 139.00; 149.00; 138.00;
738; 11886.00; 149.00; 26.00; 39.00; 31.00; 43.00; 139.00; 149.00; 138.00;
739; 11886.00; 149.00; 26.00; 39.00; 31.00; 43.00; 139.00; 149.00; 138.00;
740; 11886.00; 149.00; 26.00; 39.00; 31.00; 43.00; 139.00; 149.00; 138.00;
741; 11886.00; 149.00; 26.00; 39.00; 31.00; 43.00; 139.00; 149.00; 138.00;
742; 11886.00; 149.00; 26.00; 39.00; 31.00; 43.00; 139.00; 149.00; 138.00;
743; 11940.00; 149.00; 26.00; 39.00; 31.00; 44.00; 140.00; 149.00; 139.00;
744; 11939.00; 149.00; 27.00; 39.00; 31.00; 43.00; 140.00; 149.00; 139.00;
745; 12158.00; 149.00; 27.00; 39.00; 31.00; 42.00; 143.00; 149.00; 139.00;
746; 11886.00; 149.00; 26.00; 39.00; 31.00; 43.00; 139.00; 149.00; 138.00;
747; 11886.00; 149.00; 26.00; 39.00; 31.00; 43.00; 139.00; 149.00; 138.00;
748; 11886.00; 149.00; 26.00; 39.00; 31.00; 43.00; 139.00; 149.00; 138.00;
749; 12757.00; 31.00; 22.00; 44.00; 139.00; 149.00; 138.00; 149.00; 26.00;
750; 11831.00; 149.00; 26.00; 39.00; 31.00; 43.00; 138.00; 149.00; 138.00;
751; 12644.00; 33.00; 22.00; 43.00; 138.00; 149.00; 138.00; 149.00; 26.00;
752; 11886.00; 149.00; 26.00; 39.00; 31.00; 43.00; 139.00; 149.00; 138.00;
753; 11886.00; 149.00; 26.00; 39.00; 31.00; 43.00; 139.00; 149.00; 138.00;
754; 11881.00; 149.00; 26.00; 40.00; 29.00; 44.00; 139.00; 149.00; 138.00;
755; 11884.00; 149.00; 26.00; 39.00; 30.00; 43.00; 138.00; 149.00; 138.00;
756; 11884.50; 150.00; 26.00; 39.00; 30.00; 43.00; 138.00; 149.00; 137.00;
757; 12757.00; 31.00; 21.00; 44.00; 138.00; 149.00; 137.00; 149.00; 25.00;
758; 11831.00; 149.00; 25.00; 39.00; 30.00; 43.00; 137.00; 149.00; 137.00;
759; 11832.50; 149.00; 25.00; 39.00; 30.00; 44.00; 138.00; 149.00; 137.00;
760; 11832.50; 149.00; 25.00; 39.00; 30.00; 44.00; 138.00; 149.00; 137.00;
761; 11889.00; 149.00; 25.00; 38.00; 30.00; 44.00; 138.00; 149.00; 137.00;
762; 11889.00; 149.00; 25.00; 38.00; 30.00; 44.00; 138.00; 149.00; 137.00;
763; 12257.50; 39.00; 22.00; 43.00; 137.00; 149.00; 137.00; 150.00; 26.00;
764; 12311.00; 39.00; 21.00; 43.00; 137.00; 149.00; 137.00; 150.00; 26.00;
765; 10405.00; 43.00; 32.00; 46.00; 134.00; 146.00; 133.00; 147.00; 31.00;
766; 10406.00; 43.00; 32.00; 47.00; 135.00; 146.00; 133.00; 147.00; 31.00;
767; 11887.00; 150.00; 26.00; 38.00; 30.00; 44.00; 138.00; 149.00; 137.00;
768; 11831.00; 149.00; 26.00; 39.00; 30.00; 43.00; 138.00; 149.00; 137.00;
769; 11881.00; 149.00; 26.00; 40.00; 29.00; 43.00; 138.00; 149.00; 138.00;
770; 11881.00; 149.00; 26.00; 40.00; 29.00; 43.00; 138.00; 149.00; 138.00;
771; 11778.00; 149.00; 26.00; 39.00; 31.00; 43.00; 138.00; 149.00; 137.00;
772; 11775.00; 149.00; 26.00; 40.00; 30.00; 43.00; 138.00; 149.00; 137.00;
773; 11774.00; 149.00; 26.00; 40.00; 29.00; 44.00; 138.00; 149.00; 137.00;
774; 11774.00; 149.00; 26.00; 40.00; 29.00; 44.00; 138.00; 149.00; 137.00;
775; 11828.00; 149.00; 26.00; 40.00; 29.00; 43.00; 138.00; 149.00; 137.00;
776; 11778.00; 149.00; 26.00; 39.00; 31.00; 43.00; 138.00; 149.00; 137.00;
777; 11886.00; 149.00; 26.00; 39.00; 31.00; 43.00; 139.00; 149.00; 138.00;
778; 11831.00; 149.00; 27.00; 39.00; 31.00; 43.00; 139.00; 149.00; 138.00;
779; 11831.00; 149.00; 27.00; 39.00; 31.00; 43.00; 139.00; 149.00; 138.00;
780; 11831.00; 149.00; 27.00; 39.00; 31.00; 43.00; 139.00; 149.00; 138.00;
781; 11832.50; 148.00; 26.00; 39.00; 31.00; 43.00; 139.00; 149.00; 138.00;
782; 11886.00; 149.00; 26.00; 39.00; 31.00; 43.00; 139.00; 149.00; 138.00;
783; 11832.50; 148.00; 26.00; 39.00; 31.00; 43.00; 139.00; 149.00; 138.00;
784; 11831.00; 149.00; 27.00; 39.00; 31.00; 43.00; 139.00; 149.00; 138.00;
785; 11831.00; 149.00; 27.00; 39.00; 31.00; 43.00; 139.00; 149.00; 138.00;
786; 11831.00; 149.00; 27.00; 39.00; 31.00; 43.00; 139.00; 149.00; 138.00;
787; 11831.00; 149.00; 27.00; 39.00; 31.00; 43.00; 139.00; 149.00; 138.00;
788; 11831.00; 149.00; 27.00; 39.00; 31.00; 43.00; 139.00; 149.00; 138.00;
789; 11777.50; 148.00; 27.00; 39.00; 31.00; 43.00; 139.00; 149.00; 138.00;
790; 12465.00; 36.00; 23.00; 43.00; 139.00; 146.00; 143.00; 149.00; 28.00;
791; 12197.50; 39.00; 23.00; 43.00; 139.00; 148.00; 139.00; 149.00; 28.00;
792; 11872.00; 148.00; 27.00; 39.00; 31.00; 43.00; 139.00; 146.00; 143.00;
793; 11832.50; 149.00; 27.00; 39.00; 31.00; 44.00; 140.00; 149.00; 138.00;
794; 12104.50; 149.00; 27.00; 39.00; 31.00; 42.00; 143.00; 149.00; 138.00;
795; 11886.00; 149.00; 27.00; 39.00; 31.00; 43.00; 140.00; 149.00; 138.00;
796; 12199.00; 39.00; 24.00; 43.00; 140.00; 148.00; 139.00; 149.00; 28.00;
797; 12252.50; 38.00; 24.00; 43.00; 140.00; 148.00; 139.00; 148.00; 27.00;
798; 12644.00; 36.00; 23.00; 42.00; 143.00; 148.00; 139.00; 148.00; 27.00;
799; 11831.00; 149.00; 27.00; 39.00; 31.00; 43.00; 139.00; 149.00; 138.00;
800; 11831.00; 149.00; 27.00; 39.00; 31.00; 43.00; 139.00; 149.00; 138.00;
801; 11831.00; 149.00; 27.00; 39.00; 31.00; 43.00; 139.00; 149.00; 138.00;
802; 11833.00; 149.00; 26.00; 39.00; 31.00; 43.00; 139.00; 149.00; 137.00;
803; 11778.00; 149.00; 27.00; 39.00; 31.00; 43.00; 139.00; 149.00; 137.00;
804; 11778.00; 149.00; 27.00; 39.00; 31.00; 43.00; 139.00; 149.00; 137.00;
805; 11780.00; 148.00; 26.00; 39.00; 31.00; 43.00; 139.00; 149.00; 137.00;
806; 11832.50; 148.00; 26.00; 39.00; 31.00; 43.00; 139.00; 149.00; 138.00;
807; 11832.50; 148.00; 26.00; 39.00; 31.00; 43.00; 139.00; 149.00; 138.00;
808; 11886.00; 149.00; 26.00; 39.00; 31.00; 43.00; 139.00; 149.00; 138.00;
809; 11886.00; 149.00; 26.00; 39.00; 31.00; 43.00; 139.00; 149.00; 138.00;
810; 11886.00; 149.00; 26.00; 39.00; 31.00; 43.00; 139.00; 149.00; 138.00;
811; 11832.50; 149.00; 27.00; 39.00; 31.00; 44.00; 140.00; 149.00; 138.00;
812; 11675.00; 148.00; 27.00; 149.00; 137.00; 44.00; 140.00; 39.00; 32.00;
813; 11889.50; 149.00; 27.00; 38.00; 32.00; 43.00; 140.00; 149.00; 138.00;
814; 12476.00; 35.00; 23.00; 43.00; 140.00; 148.00; 139.00; 149.00; 28.00;
815; 12000.50; 148.00; 27.00; 38.00; 32.00; 42.00; 142.00; 149.00; 138.00;
816; 12043.50; 148.00; 27.00; 37.00; 32.00; 43.00; 139.00; 148.00; 143.00;
817; 11778.00; 149.00; 27.00; 39.00; 31.00; 43.00; 139.00; 149.00; 137.00;
818; 11778.00; 149.00; 27.00; 39.00; 31.00; 43.00; 139.00; 149.00; 137.00;
819; 11831.00; 149.00; 27.00; 39.00; 30.00; 43.00; 139.00; 149.00; 137.00;
820; 11828.00; 149.00; 27.00; 39.00; 30.00; 43.00; 139.00; 148.00; 138.00;
821; 11721.50; 148.00; 27.00; 39.00; 31.00; 43.00; 139.00; 148.00; 138.00;
822; 10355.50; 42.00; 33.00; 46.00; 136.00; 145.00; 134.00; 145.00; 32.00;
823; 11828.50; 148.00; 26.00; 39.00; 30.00; 43.00; 139.00; 148.00; 138.00;
824; 11889.00; 148.00; 26.00; 37.00; 31.00; 43.00; 139.00; 148.00; 138.00;
825; 11828.50; 148.00; 26.00; 39.00; 30.00; 43.00; 139.00; 148.00; 138.00;
826; 11721.50; 148.00; 27.00; 39.00; 31.00; 43.00; 139.00; 148.00; 138.00;
827; 11780.00; 148.00; 27.00; 38.00; 32.00; 43.00; 140.00; 148.00; 138.00;
828; 11725.00; 148.00; 28.00; 38.00; 32.00; 43.00; 140.00; 148.00; 138.00;
829; 11725.00; 148.00; 28.00; 38.00; 32.00; 43.00; 140.00; 148.00; 138.00;
830; 11725.00; 148.00; 28.00; 38.00; 32.00; 43.00; 140.00; 148.00; 138.00;
831; 11781.00; 148.00; 27.00; 37.00; 32.00; 43.00; 139.00; 148.00; 138.00;
832; 11721.50; 148.00; 27.00; 39.00; 31.00; 43.00; 139.00; 148.00; 138.00;
833; 11775.00; 149.00; 27.00; 39.00; 31.00; 43.00; 139.00; 148.00; 138.00;
834; 11775.00; 149.00; 27.00; 39.00; 31.00; 43.00; 139.00; 148.00; 138.00;
835; 12367.00; 38.00; 24.00; 42.00; 142.00; 148.00; 138.00; 148.00; 27.00;
836; 11938.50; 148.00; 28.00; 39.00; 31.00; 42.00; 143.00; 148.00; 138.00;
837; 11776.50; 148.00; 28.00; 39.00; 32.00; 42.00; 141.00; 148.00; 138.00;
838; 11668.00; 148.00; 28.00; 39.00; 31.00; 44.00; 140.00; 148.00; 138.00;
839; 12197.50; 38.00; 23.00; 43.00; 139.00; 148.00; 138.00; 148.00; 27.00;
840; 11721.50; 148.00; 27.00; 39.00; 31.00; 43.00; 139.00; 148.00; 138.00;
841; 11780.00; 148.00; 26.00; 39.00; 31.00; 43.00; 139.00; 149.00; 137.00;
842; 11886.00; 149.00; 26.00; 39.00; 31.00; 43.00; 139.00; 149.00; 138.00;
843; 11886.00; 149.00; 26.00; 39.00; 31.00; 43.00; 139.00; 149.00; 138.00;
844; 11928.00; 149.00; 27.00; 39.00; 31.00; 43.00; 139.00; 146.00; 143.00;
845; 11831.00; 149.00; 27.00; 39.00; 31.00; 43.00; 139.00; 149.00; 138.00;
846; 11832.50; 149.00; 27.00; 39.00; 31.00; 44.00; 140.00; 149.00; 138.00;
847; 11889.50; 149.00; 27.00; 38.00; 32.00; 43.00; 140.00; 149.00; 138.00;
848; 11884.00; 149.00; 27.00; 39.00; 30.00; 43.00; 139.00; 149.00; 138.00;
849; 11778.00; 149.00; 26.00; 39.00; 31.00; 43.00; 138.00; 149.00; 137.00;
850; 11667.00; 149.00; 26.00; 40.00; 29.00; 44.00; 137.00; 149.00; 136.00;
851; 11614.50; 149.00; 25.00; 40.00; 29.00; 44.00; 136.00; 149.00; 135.00;
852; 11506.00; 149.00; 24.00; 41.00; 28.00; 45.00; 135.00; 149.00; 134.00;
853; 11660.00; 42.00; 24.00; 45.00; 134.00; 149.00; 134.00; 150.00; 24.00;
854; 11452.00; 150.00; 23.00; 42.00; 26.00; 46.00; 133.00; 150.00; 132.00;
855; 11505.00; 150.00; 22.00; 42.00; 26.00; 45.00; 132.00; 150.00; 132.00;
856; 12253.50; 37.00; 17.00; 45.00; 131.00; 150.00; 132.00; 151.00; 22.00;
857; 11670.00; 151.00; 22.00; 42.00; 26.00; 46.00; 133.00; 152.00; 132.00;
858; 11665.00; 151.00; 22.00; 42.00; 26.00; 45.00; 133.00; 150.00; 133.00;
859; 11611.50; 150.00; 22.00; 42.00; 26.00; 45.00; 133.00; 150.00; 133.00;
860; 11665.00; 151.00; 23.00; 42.00; 26.00; 45.00; 134.00; 150.00; 133.00;
861; 11664.00; 150.00; 23.00; 42.00; 26.00; 45.00; 134.00; 150.00; 134.00;
862; 11877.00; 42.00; 24.00; 45.00; 135.00; 150.00; 135.00; 151.00; 24.00;
863; 11721.50; 150.00; 24.00; 41.00; 28.00; 45.00; 136.00; 150.00; 135.00;
864; 11721.50; 150.00; 24.00; 41.00; 28.00; 45.00; 136.00; 150.00; 135.00;
865; 11668.00; 150.00; 24.00; 41.00; 28.00; 46.00; 136.00; 150.00; 135.00;
866; 11614.50; 150.00; 24.00; 41.00; 28.00; 45.00; 135.00; 150.00; 134.00;
867; 11664.00; 150.00; 23.00; 42.00; 26.00; 45.00; 134.00; 150.00; 134.00;
868; 12091.50; 41.00; 19.00; 45.00; 134.00; 150.00; 133.00; 151.00; 23.00;
869; 11665.00; 151.00; 22.00; 42.00; 26.00; 45.00; 133.00; 150.00; 133.00;
870; 11665.00; 151.00; 22.00; 42.00; 26.00; 45.00; 133.00; 150.00; 133.00;
871; 11611.50; 151.00; 22.00; 42.00; 26.00; 46.00; 133.00; 150.00; 133.00;
872; 11665.00; 151.00; 22.00; 42.00; 26.00; 45.00; 133.00; 150.00; 133.00;
873; 11665.00; 151.00; 22.00; 42.00; 26.00; 45.00; 133.00; 150.00; 133.00;
874; 11720.50; 151.00; 23.00; 41.00; 27.00; 45.00; 134.00; 150.00; 134.00;
875; 11877.00; 42.00; 24.00; 45.00; 135.00; 150.00; 135.00; 151.00; 24.00;
876; 11828.00; 151.00; 25.00; 41.00; 28.00; 45.00; 137.00; 150.00; 136.00;
877; 11939.00; 150.00; 25.00; 40.00; 30.00; 44.00; 138.00; 150.00; 138.00;
878; 12049.50; 151.00; 26.00; 40.00; 30.00; 44.00; 139.00; 151.00; 138.00;
879; 12988.00; 34.00; 22.00; 43.00; 142.00; 150.00; 139.00; 151.00; 27.00;
880; 11939.50; 150.00; 26.00; 39.00; 31.00; 43.00; 139.00; 149.00; 138.00;
881; 11828.00; 150.00; 26.00; 40.00; 29.00; 44.00; 138.00; 149.00; 137.00;
882; 11774.00; 149.00; 26.00; 40.00; 29.00; 44.00; 138.00; 149.00; 137.00;
883; 11831.00; 149.00; 26.00; 39.00; 31.00; 43.00; 138.00; 149.00; 138.00;
884; 11993.00; 150.00; 27.00; 39.00; 31.00; 43.00; 140.00; 149.00; 139.00;
885; 12106.50; 149.00; 27.00; 38.00; 32.00; 43.00; 142.00; 149.00; 140.00;
886; 12104.00; 149.00; 28.00; 38.00; 32.00; 43.00; 142.00; 149.00; 141.00;
887; 12051.00; 149.00; 28.00; 38.00; 33.00; 43.00; 142.00; 149.00; 141.00;
888; 11942.50; 149.00; 27.00; 39.00; 32.00; 43.00; 140.00; 150.00; 139.00;
889; 11942.50; 150.00; 26.00; 39.00; 31.00; 44.00; 139.00; 150.00; 138.00;
890; 11942.50; 150.00; 24.00; 40.00; 29.00; 44.00; 137.00; 151.00; 136.00;
891; 11939.00; 151.00; 23.00; 41.00; 27.00; 45.00; 136.00; 151.00; 135.00;
892; 11991.50; 152.00; 23.00; 41.00; 26.00; 45.00; 135.00; 151.00; 135.00;
893; 11992.00; 152.00; 23.00; 41.00; 27.00; 44.00; 135.00; 151.00; 135.00;
894; 11935.50; 151.00; 23.00; 41.00; 27.00; 45.00; 136.00; 150.00; 136.00;
895; 11935.50; 150.00; 24.00; 41.00; 27.00; 44.00; 137.00; 150.00; 136.00;
896; 12159.50; 150.00; 25.00; 40.00; 29.00; 43.00; 142.00; 150.00; 136.00;
897; 11939.00; 150.00; 25.00; 40.00; 29.00; 44.00; 138.00; 150.00; 137.00;
898; 12532.50; 37.00; 21.00; 44.00; 138.00; 150.00; 137.00; 150.00; 25.00;
899; 12046.50; 151.00; 25.00; 40.00; 28.00; 44.00; 138.00; 150.00; 137.00;
900; 12049.50; 151.00; 24.00; 40.00; 28.00; 44.00; 137.00; 151.00; 136.00;
901; 12369.00; 152.00; 23.00; 41.00; 27.00; 45.00; 137.00; 151.00; 141.00;
902; 12267.00; 152.00; 23.00; 41.00; 26.00; 44.00; 137.00; 152.00; 136.00;
903; 12376.50; 152.00; 23.00; 41.00; 26.00; 44.00; 138.00; 152.00; 137.00;
904; 12547.00; 152.00; 24.00; 40.00; 28.00; 43.00; 141.00; 152.00; 138.00;
905; 12380.50; 152.00; 26.00; 39.00; 30.00; 43.00; 141.00; 151.00; 139.00;
906; 12985.50; 32.00; 23.00; 43.00; 141.00; 150.00; 140.00; 150.00; 27.00;
907; 12158.50; 150.00; 28.00; 38.00; 32.00; 43.00; 142.00; 149.00; 141.00;
908; 11998.00; 149.00; 28.00; 38.00; 33.00; 43.00; 142.00; 149.00; 140.00;
909; 12703.50; 34.00; 24.00; 42.00; 141.00; 149.00; 140.00; 149.00; 28.00;
910; 12051.00; 149.00; 27.00; 38.00; 32.00; 43.00; 141.00; 149.00; 140.00;
911; 12108.50; 150.00; 27.00; 38.00; 32.00; 43.00; 141.00; 150.00; 139.00;
912; 12267.00; 151.00; 27.00; 39.00; 30.00; 43.00; 141.00; 150.00; 140.00;
913; 12267.00; 151.00; 27.00; 39.00; 30.00; 43.00; 141.00; 150.00; 140.00;
914; 12326.00; 151.00; 27.00; 38.00; 32.00; 43.00; 142.00; 150.00; 141.00;
915; 12326.00; 151.00; 28.00; 38.00; 32.00; 43.00; 143.00; 150.00; 141.00;
916; 12380.00; 151.00; 28.00; 38.00; 32.00; 43.00; 143.00; 150.00; 142.00;
917; 13217.00; 29.00; 24.00; 43.00; 143.00; 150.00; 141.00; 150.00; 28.00;
918; 13217.00; 29.00; 24.00; 43.00; 143.00; 150.00; 141.00; 150.00; 28.00;
919; 12162.00; 150.00; 28.00; 38.00; 32.00; 43.00; 142.00; 150.00; 140.00;
920; 12216.00; 150.00; 27.00; 38.00; 32.00; 42.00; 141.00; 150.00; 140.00;
921; 12162.00; 150.00; 27.00; 38.00; 31.00; 43.00; 141.00; 150.00; 139.00;
922; 12215.50; 150.00; 27.00; 38.00; 31.00; 43.00; 141.00; 150.00; 140.00;
923; 12215.50; 150.00; 27.00; 38.00; 31.00; 43.00; 141.00; 150.00; 140.00;
924; 12164.00; 150.00; 27.00; 38.00; 32.00; 44.00; 142.00; 150.00; 140.00;
925; 12218.00; 150.00; 27.00; 38.00; 32.00; 43.00; 142.00; 150.00; 140.00;
926; 12271.50; 150.00; 27.00; 38.00; 32.00; 43.00; 142.00; 150.00; 141.00;
927; 12326.00; 150.00; 27.00; 38.00; 32.00; 42.00; 142.00; 150.00; 141.00;
928; 12326.00; 150.00; 27.00; 38.00; 32.00; 42.00; 142.00; 150.00; 141.00;
929; 10765.50; 42.00; 34.00; 46.00; 139.00; 147.00; 137.00; 148.00; 34.00;
930; 12326.00; 150.00; 27.00; 38.00; 32.00; 42.00; 142.00; 150.00; 141.00;
931; 12326.00; 150.00; 27.00; 38.00; 32.00; 42.00; 142.00; 150.00; 141.00;
932; 13217.00; 29.00; 24.00; 43.00; 143.00; 150.00; 141.00; 150.00; 28.00;
933; 12927.00; 34.00; 24.00; 42.00; 142.00; 149.00; 142.00; 150.00; 28.00;
934; 12212.50; 149.00; 28.00; 38.00; 32.00; 43.00; 143.00; 149.00; 142.00;
935; 12212.50; 149.00; 28.00; 38.00; 32.00; 43.00; 143.00; 149.00; 142.00;
936; 12212.50; 149.00; 28.00; 38.00; 32.00; 43.00; 143.00; 149.00; 142.00;
937; 12327.00; 150.00; 29.00; 38.00; 32.00; 42.00; 143.00; 151.00; 141.00;
938; 10765.50; 147.00; 35.00; 41.00; 35.00; 45.00; 140.00; 146.00; 138.00;
939; 10767.00; 41.00; 36.00; 45.00; 141.00; 146.00; 138.00; 147.00; 35.00;
940; 10716.00; 41.00; 36.00; 46.00; 141.00; 146.00; 138.00; 147.00; 35.00;
941; 10714.50; 41.00; 36.00; 45.00; 140.00; 146.00; 138.00; 147.00; 35.00;
942; 10714.50; 41.00; 36.00; 45.00; 140.00; 146.00; 138.00; 147.00; 35.00;
943; 10714.50; 41.00; 36.00; 45.00; 140.00; 146.00; 138.00; 147.00; 35.00;
944; 10714.50; 147.00; 35.00; 41.00; 36.00; 45.00; 140.00; 146.00; 138.00;
945; 10714.50; 41.00; 36.00; 45.00; 140.00; 146.00; 138.00; 147.00; 35.00;
946; 10767.00; 41.00; 36.00; 45.00; 141.00; 146.00; 138.00; 147.00; 35.00;
947; 10767.00; 41.00; 36.00; 45.00; 141.00; 146.00; 138.00; 147.00; 35.00;
948; 10568.00; 40.00; 38.00; 146.00; 35.00; 146.00; 137.00; 46.00; 141.00;
949; 10568.00; 40.00; 38.00; 146.00; 35.00; 146.00; 137.00; 46.00; 141.00;
950; 10716.00; 41.00; 36.00; 46.00; 141.00; 146.00; 138.00; 147.00; 35.00;
951; 10714.50; 41.00; 36.00; 45.00; 140.00; 146.00; 138.00; 147.00; 35.00;
952; 10714.50; 41.00; 36.00; 45.00; 140.00; 146.00; 138.00; 147.00; 35.00;
953; 10767.00; 41.00; 36.00; 45.00; 141.00; 146.00; 138.00; 147.00; 35.00;
954; 10767.00; 41.00; 36.00; 45.00; 141.00; 146.00; 138.00; 147.00; 35.00;
955; 10766.50; 41.00; 36.00; 45.00; 141.00; 146.00; 139.00; 146.00; 35.00;
956; 10716.00; 147.00; 36.00; 40.00; 38.00; 45.00; 141.00; 146.00; 139.00;
957; 10767.00; 147.00; 36.00; 40.00; 37.00; 45.00; 141.00; 146.00; 139.00;
958; 10716.00; 147.00; 36.00; 40.00; 38.00; 45.00; 141.00; 146.00; 139.00;
959; 10767.00; 41.00; 36.00; 45.00; 141.00; 146.00; 138.00; 147.00; 35.00;
960; 10716.00; 41.00; 36.00; 45.00; 140.00; 147.00; 137.00; 147.00; 35.00;
961; 10766.50; 41.00; 35.00; 45.00; 140.00; 146.00; 138.00; 146.00; 34.00;
962; 12271.50; 150.00; 28.00; 38.00; 32.00; 43.00; 143.00; 150.00; 141.00;
963; 13044.00; 32.00; 24.00; 42.00; 142.00; 150.00; 141.00; 150.00; 28.00;
964; 12218.00; 150.00; 27.00; 38.00; 32.00; 43.00; 142.00; 150.00; 140.00;
965; 12218.00; 150.00; 27.00; 38.00; 32.00; 43.00; 142.00; 150.00; 140.00;
966; 12218.00; 150.00; 27.00; 38.00; 32.00; 43.00; 142.00; 150.00; 140.00;
967; 12162.00; 150.00; 27.00; 38.00; 32.00; 43.00; 141.00; 150.00; 140.00;
968; 12215.50; 150.00; 27.00; 38.00; 31.00; 43.00; 141.00; 150.00; 140.00;
969; 12215.50; 150.00; 27.00; 38.00; 31.00; 43.00; 141.00; 150.00; 140.00;
970; 12215.50; 150.00; 27.00; 38.00; 31.00; 43.00; 141.00; 150.00; 140.00;
971; 12218.00; 150.00; 26.00; 38.00; 31.00; 43.00; 141.00; 150.00; 139.00;
972; 10665.00; 42.00; 33.00; 47.00; 138.00; 147.00; 135.00; 147.00; 32.00;
973; 12162.00; 150.00; 26.00; 38.00; 31.00; 43.00; 140.00; 150.00; 139.00;
974; 10716.00; 42.00; 33.00; 47.00; 138.00; 147.00; 135.00; 148.00; 32.00;
975; 10665.00; 42.00; 33.00; 47.00; 138.00; 147.00; 135.00; 147.00; 32.00;
976; 12218.00; 150.00; 26.00; 38.00; 31.00; 43.00; 141.00; 150.00; 139.00;
977; 12162.00; 150.00; 27.00; 38.00; 31.00; 43.00; 141.00; 150.00; 139.00;
978; 12162.00; 150.00; 27.00; 38.00; 31.00; 43.00; 141.00; 150.00; 139.00;
979; 12162.00; 150.00; 27.00; 38.00; 31.00; 43.00; 141.00; 150.00; 139.00;
980; 12162.00; 150.00; 27.00; 38.00; 31.00; 43.00; 141.00; 150.00; 139.00;
981; 12215.50; 150.00; 27.00; 38.00; 31.00; 43.00; 141.00; 150.00; 140.00;
982; 12215.50; 150.00; 27.00; 38.00; 31.00; 43.00; 141.00; 150.00; 140.00;
983; 12270.00; 150.00; 27.00; 38.00; 31.00; 42.00; 141.00; 150.00; 140.00;
984; 12270.00; 150.00; 27.00; 38.00; 31.00; 42.00; 141.00; 150.00; 140.00;
985; 12215.50; 150.00; 27.00; 38.00; 31.00; 43.00; 141.00; 150.00; 140.00;
986; 12215.50; 150.00; 27.00; 38.00; 31.00; 43.00; 141.00; 150.00; 140.00;
987; 12215.50; 150.00; 27.00; 38.00; 31.00; 43.00; 141.00; 150.00; 140.00;
988; 12271.50; 150.00; 26.00; 38.00; 31.00; 43.00; 141.00; 150.00; 140.00;
989; 12218.00; 150.00; 26.00; 38.00; 31.00; 43.00; 141.00; 150.00; 139.00;
990; 10663.50; 42.00; 33.00; 47.00; 138.00; 147.00; 135.00; 148.00; 33.00;
991; 12218.00; 150.00; 26.00; 38.00; 31.00; 43.00; 141.00; 150.00; 139.00;
992; 10663.50; 42.00; 33.00; 47.00; 138.00; 147.00; 135.00; 148.00; 33.00;
993; 12271.50; 150.00; 26.00; 38.00; 31.00; 43.00; 141.00; 150.00; 140.00;
994; 12271.50; 150.00; 26.00; 38.00; 31.00; 43.00; 141.00; 150.00; 140.00;
995; 12384.00; 150.00; 26.00; 38.00; 31.00; 42.00; 143.00; 150.00; 139.00;
996; 12162.00; 150.00; 26.00; 38.00; 31.00; 43.00; 140.00; 150.00; 139.00;
997; 12162.00; 150.00; 26.00; 38.00; 31.00; 43.00; 140.00; 150.00; 139.00;
998; 12162.00; 150.00; 26.00; 38.00; 31.00; 43.00; 140.00; 150.00; 139.00;
999; 12162.00; 150.00; 26.00; 38.00; 31.00; 43.00; 140.00; 150.00; 139.00;
1000; 12162.00; 150.00; 26.00; 38.00; 31.00; 43.00; 140.00; 150.00; 139.00;
1001; 12164.00; 150.00; 26.00; 38.00; 31.00; 44.00; 141.00; 150.00; 139.00;
1002; 12384.00; 150.00; 26.00; 38.00; 31.00; 42.00; 143.00; 150.00; 139.00;
1003; 12384.00; 150.00; 26.00; 38.00; 31.00; 42.00; 143.00; 150.00; 139.00;
1004; 12164.00; 150.00; 26.00; 38.00; 31.00; 44.00; 141.00; 150.00; 139.00;
1005; 12164.00; 150.00; 26.00; 38.00; 31.00; 44.00; 141.00; 150.00; 139.00;
1006; 12162.00; 150.00; 26.00; 38.00; 31.00; 43.00; 140.00; 150.00; 139.00;
1007; 12815.50; 35.00; 22.00; 43.00; 140.00; 150.00; 139.00; 151.00; 27.00;
1008; 12162.00; 150.00; 26.00; 38.00; 31.00; 43.00; 140.00; 150.00; 139.00;
1009; 12162.00; 150.00; 26.00; 38.00; 31.00; 43.00; 140.00; 150.00; 139.00;
1010; 12162.00; 150.00; 26.00; 38.00; 31.00; 43.00; 140.00; 150.00; 139.00;
1011; 12162.00; 150.00; 26.00; 38.00; 31.00; 43.00; 140.00; 150.00; 139.00;
1012; 12162.00; 150.00; 26.00; 38.00; 31.00; 43.00; 140.00; 150.00; 139.00;
1013; 12162.00; 150.00; 26.00; 38.00; 31.00; 43.00; 140.00; 150.00; 139.00;
1014; 12162.00; 150.00; 26.00; 38.00; 31.00; 43.00; 140.00; 150.00; 139.00;
1015; 12158.50; 150.00; 26.00; 39.00; 30.00; 43.00; 140.00; 150.00; 139.00;
1016; 12212.00; 151.00; 26.00; 39.00; 29.00; 44.00; 140.00; 150.00; 139.00;
1017; 12212.00; 151.00; 26.00; 39.00; 29.00; 44.00; 140.00; 150.00; 139.00;
1018; 12051.00; 150.00; 26.00; 39.00; 30.00; 44.00; 140.00; 150.00; 138.00;
1019; 12049.50; 150.00; 26.00; 39.00; 30.00; 43.00; 139.00; 150.00; 138.00;
1020; 12051.00; 150.00; 26.00; 39.00; 30.00; 44.00; 140.00; 150.00; 138.00;
1021; 12104.00; 150.00; 26.00; 39.00; 29.00; 44.00; 140.00; 150.00; 138.00;
1022; 12158.50; 150.00; 25.00; 39.00; 29.00; 43.00; 139.00; 150.00; 138.00;
1023; 10714.50; 42.00; 32.00; 46.00; 136.00; 147.00; 134.00; 148.00; 31.00;
1024; 13099.50; 30.00; 21.00; 43.00; 139.00; 150.00; 138.00; 150.00; 25.00;
1025; 12104.00; 150.00; 25.00; 39.00; 29.00; 44.00; 139.00; 150.00; 138.00;
1026; 12104.00; 150.00; 25.00; 39.00; 29.00; 44.00; 139.00; 150.00; 138.00;
1027; 12158.50; 150.00; 25.00; 39.00; 29.00; 43.00; 139.00; 150.00; 138.00;
1028; 12814.50; 35.00; 21.00; 43.00; 139.00; 150.00; 138.00; 150.00; 25.00;
1029; 12158.50; 150.00; 25.00; 39.00; 29.00; 43.00; 139.00; 150.00; 138.00;
1030; 12104.00; 150.00; 26.00; 39.00; 29.00; 44.00; 140.00; 150.00; 138.00;
1031; 12051.00; 150.00; 26.00; 39.00; 30.00; 44.00; 140.00; 150.00; 138.00;
1032; 12330.00; 150.00; 26.00; 38.00; 31.00; 42.00; 143.00; 150.00; 138.00;
1033; 12325.50; 150.00; 26.00; 39.00; 30.00; 42.00; 143.00; 150.00; 138.00;
1034; 12105.00; 150.00; 26.00; 38.00; 31.00; 43.00; 140.00; 149.00; 139.00;
1035; 12105.00; 150.00; 26.00; 38.00; 31.00; 43.00; 140.00; 149.00; 139.00;
1036; 12105.00; 150.00; 26.00; 38.00; 31.00; 43.00; 140.00; 149.00; 139.00;
1037; 12324.00; 150.00; 27.00; 38.00; 31.00; 42.00; 143.00; 149.00; 140.00;
1038; 12268.50; 150.00; 27.00; 38.00; 31.00; 42.00; 142.00; 149.00; 140.00;
1039; 12051.00; 149.00; 27.00; 38.00; 31.00; 43.00; 141.00; 149.00; 139.00;
1040; 12051.00; 149.00; 27.00; 38.00; 31.00; 43.00; 141.00; 149.00; 139.00;
1041; 12051.00; 149.00; 27.00; 38.00; 31.00; 43.00; 141.00; 149.00; 139.00;
1042; 12051.00; 149.00; 27.00; 38.00; 31.00; 43.00; 141.00; 149.00; 139.00;
1043; 11998.00; 149.00; 27.00; 38.00; 32.00; 43.00; 141.00; 149.00; 139.00;
1044; 11998.00; 149.00; 27.00; 38.00; 32.00; 43.00; 141.00; 149.00; 139.00;
1045; 11998.00; 149.00; 27.00; 38.00; 32.00; 43.00; 141.00; 149.00; 139.00;
1046; 11998.00; 149.00; 27.00; 38.00; 32.00; 43.00; 141.00; 149.00; 139.00;
1047; 11998.00; 149.00; 27.00; 38.00; 32.00; 43.00; 141.00; 149.00; 139.00;
1048; 11998.00; 148.00; 27.00; 38.00; 32.00; 42.00; 141.00; 149.00; 139.00;
1049; 11999.00; 149.00; 28.00; 37.00; 33.00; 42.00; 141.00; 149.00; 139.00;
1050; 12052.50; 149.00; 28.00; 37.00; 33.00; 42.00; 141.00; 149.00; 140.00;
1051; 12055.00; 149.00; 28.00; 37.00; 33.00; 43.00; 142.00; 149.00; 140.00;
1052; 12052.50; 149.00; 28.00; 37.00; 33.00; 42.00; 141.00; 149.00; 140.00;
1053; 12052.50; 149.00; 28.00; 37.00; 33.00; 42.00; 141.00; 149.00; 140.00;
1054; 12703.50; 34.00; 24.00; 42.00; 141.00; 149.00; 140.00; 149.00; 28.00;
1055; 12052.50; 149.00; 28.00; 37.00; 33.00; 42.00; 141.00; 149.00; 140.00;
1056; 12052.50; 149.00; 28.00; 37.00; 33.00; 42.00; 141.00; 149.00; 140.00;
1057; 12055.00; 148.00; 27.00; 37.00; 33.00; 42.00; 141.00; 149.00; 140.00;
1058; 12108.50; 149.00; 27.00; 37.00; 33.00; 42.00; 141.00; 149.00; 140.00;
1059; 12105.00; 149.00; 27.00; 38.00; 32.00; 42.00; 141.00; 149.00; 140.00;
1060; 12051.00; 149.00; 27.00; 38.00; 31.00; 43.00; 141.00; 149.00; 139.00;
1061; 12405.00; 149.00; 27.00; 29.00; 34.00; 43.00; 141.00; 149.00; 139.00;
1062; 11995.50; 149.00; 27.00; 38.00; 31.00; 43.00; 140.00; 149.00; 139.00;
1063; 12051.00; 149.00; 26.00; 38.00; 31.00; 43.00; 140.00; 149.00; 139.00;
1064; 10560.00; 42.00; 33.00; 46.00; 137.00; 146.00; 135.00; 146.00; 32.00;
1065; 10560.00; 42.00; 33.00; 46.00; 137.00; 146.00; 135.00; 146.00; 32.00;
1066; 10560.00; 42.00; 33.00; 46.00; 137.00; 146.00; 135.00; 146.00; 32.00;
1067; 12051.00; 149.00; 26.00; 38.00; 31.00; 43.00; 140.00; 149.00; 139.00;
1068; 12051.00; 149.00; 26.00; 38.00; 31.00; 43.00; 140.00; 149.00; 139.00;
1069; 12051.00; 149.00; 26.00; 38.00; 31.00; 43.00; 140.00; 149.00; 139.00;
1070; 12162.50; 149.00; 26.00; 38.00; 31.00; 42.00; 142.00; 149.00; 138.00;
1071; 11942.50; 149.00; 26.00; 38.00; 31.00; 43.00; 139.00; 149.00; 138.00;
1072; 12871.50; 30.00; 22.00; 43.00; 139.00; 149.00; 138.00; 149.00; 26.00;
1073; 12046.50; 150.00; 26.00; 39.00; 29.00; 43.00; 139.00; 149.00; 138.00;
1074; 12046.50; 150.00; 26.00; 39.00; 29.00; 43.00; 139.00; 149.00; 138.00;
1075; 11942.50; 149.00; 26.00; 38.00; 31.00; 43.00; 139.00; 149.00; 138.00;
1076; 11942.50; 149.00; 26.00; 38.00; 31.00; 43.00; 139.00; 149.00; 138.00;
1077; 11944.50; 149.00; 26.00; 38.00; 31.00; 44.00; 140.00; 149.00; 138.00;
1078; 11942.50; 149.00; 26.00; 38.00; 31.00; 43.00; 139.00; 149.00; 138.00;
1079; 10559.00; 147.00; 32.00; 42.00; 32.00; 46.00; 136.00; 146.00; 134.00;
1080; 12046.50; 150.00; 26.00; 39.00; 29.00; 43.00; 139.00; 149.00; 138.00;
1081; 12046.50; 150.00; 26.00; 39.00; 29.00; 43.00; 139.00; 149.00; 138.00;
1082; 12046.50; 150.00; 26.00; 39.00; 29.00; 43.00; 139.00; 149.00; 138.00;
1083; 11996.00; 150.00; 26.00; 38.00; 31.00; 43.00; 139.00; 149.00; 138.00;
1084; 11942.50; 149.00; 26.00; 38.00; 31.00; 43.00; 139.00; 149.00; 138.00;
1085; 12758.50; 32.00; 22.00; 43.00; 139.00; 149.00; 138.00; 149.00; 26.00;
1086; 12271.50; 149.00; 26.00; 38.00; 31.00; 42.00; 143.00; 149.00; 139.00;
1087; 12165.50; 150.00; 26.00; 38.00; 31.00; 43.00; 140.00; 151.00; 138.00;
1088; 12105.00; 150.00; 26.00; 38.00; 31.00; 43.00; 140.00; 149.00; 139.00;
1089; 12051.00; 149.00; 26.00; 38.00; 31.00; 43.00; 140.00; 149.00; 139.00;
1090; 10510.00; 42.00; 33.00; 46.00; 137.00; 146.00; 134.00; 146.00; 32.00;
1091; 11998.00; 149.00; 26.00; 38.00; 31.00; 43.00; 140.00; 149.00; 138.00;
1092; 12051.00; 149.00; 26.00; 38.00; 31.00; 43.00; 140.00; 149.00; 139.00;
1093; 12051.00; 149.00; 26.00; 38.00; 31.00; 43.00; 140.00; 149.00; 139.00;
1094; 12647.00; 35.00; 23.00; 42.00; 140.00; 149.00; 139.00; 149.00; 27.00;
1095; 11996.00; 149.00; 27.00; 38.00; 31.00; 42.00; 140.00; 149.00; 138.00;
1096; 11993.00; 149.00; 27.00; 38.00; 31.00; 42.00; 140.00; 148.00; 139.00;
1097; 12119.00; 149.00; 27.00; 32.00; 34.00; 43.00; 140.00; 148.00; 139.00;
1098; 11939.00; 149.00; 27.00; 38.00; 31.00; 43.00; 140.00; 148.00; 139.00;
1099; 12534.00; 35.00; 23.00; 42.00; 139.00; 148.00; 139.00; 149.00; 27.00;
1100; 12703.50; 34.00; 23.00; 42.00; 140.00; 149.00; 139.00; 149.00; 27.00;
1101; 12051.00; 149.00; 27.00; 38.00; 31.00; 43.00; 141.00; 149.00; 139.00;
1102; 12054.00; 148.00; 27.00; 38.00; 31.00; 43.00; 141.00; 150.00; 139.00;
1103; 12006.00; 148.00; 27.00; 37.00; 33.00; 43.00; 141.00; 150.00; 139.00;
1104; 12210.00; 148.00; 27.00; 38.00; 32.00; 42.00; 143.00; 148.00; 142.00;
1105; 11942.50; 149.00; 27.00; 38.00; 31.00; 43.00; 140.00; 149.00; 138.00;
1106; 11998.00; 149.00; 26.00; 38.00; 31.00; 43.00; 140.00; 149.00; 138.00;
1107; 12051.00; 149.00; 26.00; 38.00; 31.00; 43.00; 140.00; 149.00; 139.00;
1108; 12051.00; 149.00; 26.00; 38.00; 31.00; 43.00; 140.00; 149.00; 139.00;
1109; 12105.00; 149.00; 26.00; 38.00; 31.00; 42.00; 140.00; 149.00; 139.00;
1110; 12702.00; 32.00; 23.00; 42.00; 139.00; 148.00; 139.00; 149.00; 27.00;
1111; 12645.50; 33.00; 23.00; 43.00; 140.00; 148.00; 139.00; 149.00; 27.00;
1112; 12107.00; 149.00; 27.00; 38.00; 31.00; 42.00; 142.00; 149.00; 138.00;
1113; 11998.00; 149.00; 26.00; 38.00; 31.00; 43.00; 140.00; 149.00; 138.00;
1114; 11998.00; 149.00; 26.00; 38.00; 31.00; 43.00; 140.00; 149.00; 138.00;
1115; 11944.50; 148.00; 26.00; 38.00; 31.00; 43.00; 140.00; 149.00; 138.00;
1116; 11996.00; 149.00; 27.00; 38.00; 31.00; 42.00; 140.00; 149.00; 138.00;
1117; 11992.00; 148.00; 27.00; 38.00; 31.00; 42.00; 140.00; 148.00; 140.00;
1118; 12108.00; 148.00; 27.00; 38.00; 31.00; 42.00; 141.00; 150.00; 139.00;
1119; 12051.00; 148.00; 27.00; 38.00; 31.00; 42.00; 141.00; 149.00; 139.00;
1120; 12105.00; 149.00; 27.00; 38.00; 31.00; 42.00; 141.00; 149.00; 139.00;
1121; 11996.00; 149.00; 28.00; 37.00; 33.00; 42.00; 141.00; 148.00; 140.00;
1122; 11996.00; 149.00; 28.00; 37.00; 33.00; 42.00; 141.00; 148.00; 140.00;
1123; 11996.00; 149.00; 28.00; 37.00; 33.00; 42.00; 141.00; 148.00; 140.00;
1124; 11942.50; 148.00; 28.00; 37.00; 33.00; 42.00; 141.00; 148.00; 140.00;
1125; 11942.50; 148.00; 28.00; 37.00; 33.00; 42.00; 141.00; 148.00; 140.00;
1126; 11942.50; 148.00; 28.00; 37.00; 33.00; 42.00; 141.00; 148.00; 140.00;
1127; 11942.50; 148.00; 28.00; 37.00; 33.00; 42.00; 141.00; 148.00; 140.00;
1128; 11942.50; 148.00; 28.00; 37.00; 33.00; 42.00; 141.00; 148.00; 140.00;
1129; 11942.50; 148.00; 28.00; 37.00; 33.00; 42.00; 141.00; 148.00; 140.00;
1130; 11942.50; 148.00; 28.00; 37.00; 33.00; 42.00; 141.00; 148.00; 140.00;
1131; 11942.50; 148.00; 28.00; 37.00; 33.00; 42.00; 141.00; 148.00; 140.00;
1132; 11942.50; 148.00; 28.00; 37.00; 33.00; 42.00; 141.00; 148.00; 140.00;
1133; 11942.50; 148.00; 28.00; 37.00; 33.00; 42.00; 141.00; 148.00; 140.00;
1134; 11942.50; 149.00; 28.00; 37.00; 33.00; 43.00; 141.00; 148.00; 140.00;
1135; 12055.50; 149.00; 28.00; 37.00; 33.00; 42.00; 141.00; 150.00; 139.00;
1136; 11996.00; 149.00; 28.00; 37.00; 33.00; 42.00; 141.00; 148.00; 140.00;
1137; 11942.50; 148.00; 28.00; 37.00; 33.00; 42.00; 141.00; 148.00; 140.00;
1138; 11942.50; 148.00; 28.00; 37.00; 33.00; 42.00; 141.00; 148.00; 140.00;
1139; 11944.50; 148.00; 28.00; 37.00; 33.00; 43.00; 142.00; 148.00; 140.00;
1140; 11942.50; 148.00; 28.00; 37.00; 33.00; 42.00; 141.00; 148.00; 140.00;
1141; 11942.50; 148.00; 28.00; 37.00; 33.00; 42.00; 141.00; 148.00; 140.00;
1142; 11942.50; 148.00; 28.00; 37.00; 33.00; 42.00; 141.00; 148.00; 140.00;
1143; 11942.50; 148.00; 28.00; 37.00; 33.00; 42.00; 141.00; 148.00; 140.00;
1144; 11942.50; 148.00; 28.00; 37.00; 33.00; 42.00; 141.00; 148.00; 140.00;
1145; 11944.50; 148.00; 28.00; 37.00; 33.00; 43.00; 142.00; 148.00; 140.00;
1146; 11998.00; 148.00; 28.00; 37.00; 33.00; 42.00; 142.00; 148.00; 140.00;
1147; 11944.50; 148.00; 28.00; 37.00; 33.00; 43.00; 142.00; 148.00; 140.00;
1148; 11946.00; 149.00; 28.00; 37.00; 33.00; 43.00; 141.00; 149.00; 139.00;
1149; 11886.00; 148.00; 27.00; 38.00; 32.00; 42.00; 140.00; 148.00; 139.00;
1150; 12589.00; 34.00; 23.00; 43.00; 140.00; 148.00; 139.00; 149.00; 27.00;
1151; 11998.00; 149.00; 26.00; 38.00; 31.00; 43.00; 140.00; 149.00; 138.00;
1152; 11998.00; 149.00; 26.00; 38.00; 31.00; 43.00; 140.00; 149.00; 138.00;
1153; 11944.50; 148.00; 26.00; 38.00; 31.00; 43.00; 140.00; 149.00; 138.00;
1154; 12592.50; 35.00; 23.00; 43.00; 140.00; 150.00; 138.00; 149.00; 27.00;
1155; 11999.00; 149.00; 27.00; 38.00; 31.00; 43.00; 140.00; 150.00; 138.00;
1156; 12532.50; 35.00; 23.00; 43.00; 140.00; 148.00; 139.00; 149.00; 27.00;
1157; 11942.50; 149.00; 27.00; 38.00; 31.00; 43.00; 140.00; 149.00; 138.00;
1158; 12218.00; 149.00; 26.00; 38.00; 31.00; 42.00; 143.00; 149.00; 138.00;
1159; 12218.00; 149.00; 26.00; 38.00; 31.00; 42.00; 143.00; 149.00; 138.00;
1160; 12218.00; 149.00; 26.00; 38.00; 31.00; 42.00; 143.00; 149.00; 138.00;
1161; 12162.50; 149.00; 26.00; 38.00; 31.00; 42.00; 142.00; 149.00; 138.00;
1162; 12218.00; 149.00; 26.00; 38.00; 31.00; 42.00; 143.00; 149.00; 138.00;
1163; 12162.50; 149.00; 26.00; 38.00; 31.00; 42.00; 142.00; 149.00; 138.00;
1164; 12218.00; 149.00; 26.00; 38.00; 31.00; 42.00; 143.00; 149.00; 138.00;
1165; 12162.50; 149.00; 26.00; 38.00; 31.00; 42.00; 142.00; 149.00; 138.00;
1166; 11942.50; 149.00; 26.00; 38.00; 31.00; 43.00; 139.00; 149.00; 138.00;
1167; 11942.50; 149.00; 26.00; 38.00; 31.00; 43.00; 139.00; 149.00; 138.00;
1168; 11942.50; 149.00; 26.00; 38.00; 31.00; 43.00; 139.00; 149.00; 138.00;
1169; 11942.50; 149.00; 26.00; 38.00; 31.00; 43.00; 139.00; 149.00; 138.00;
1170; 11942.50; 149.00; 26.00; 38.00; 31.00; 43.00; 139.00; 149.00; 138.00;
1171; 11942.50; 149.00; 26.00; 38.00; 31.00; 43.00; 139.00; 149.00; 138.00;
1172; 11942.50; 149.00; 26.00; 38.00; 31.00; 43.00; 139.00; 149.00; 138.00;
1173; 11992.00; 149.00; 26.00; 39.00; 28.00; 43.00; 139.00; 149.00; 137.00;
1174; 12873.00; 35.00; 22.00; 42.00; 143.00; 148.00; 138.00; 149.00; 25.00;
1175; 11944.50; 149.00; 25.00; 38.00; 30.00; 44.00; 139.00; 149.00; 137.00;
1176; 11944.50; 149.00; 25.00; 38.00; 30.00; 44.00; 139.00; 149.00; 137.00;
1177; 11944.50; 149.00; 25.00; 38.00; 30.00; 44.00; 139.00; 149.00; 137.00;
1178; 12164.50; 148.00; 25.00; 38.00; 30.00; 42.00; 142.00; 149.00; 137.00;
1179; 11990.00; 149.00; 26.00; 39.00; 27.00; 44.00; 139.00; 149.00; 137.00;
1180; 12820.50; 30.00; 22.00; 44.00; 139.00; 149.00; 137.00; 149.00; 25.00;
1181; 12764.00; 32.00; 22.00; 43.00; 139.00; 149.00; 137.00; 149.00; 25.00;
1182; 12100.00; 149.00; 25.00; 39.00; 27.00; 43.00; 139.00; 149.00; 137.00;
1183; 11889.50; 149.00; 26.00; 38.00; 31.00; 43.00; 139.00; 149.00; 137.00;
1184; 12094.50; 39.00; 26.00; 43.00; 139.00; 148.00; 138.00; 149.00; 26.00;
1185; 12045.00; 149.00; 26.00; 39.00; 27.00; 43.00; 139.00; 149.00; 137.00;
1186; 11942.50; 149.00; 26.00; 38.00; 31.00; 43.00; 139.00; 149.00; 138.00;
1187; 11942.50; 149.00; 26.00; 38.00; 31.00; 43.00; 139.00; 149.00; 138.00;
1188; 11942.50; 149.00; 26.00; 38.00; 31.00; 43.00; 139.00; 149.00; 138.00;
1189; 11942.50; 149.00; 26.00; 38.00; 31.00; 43.00; 139.00; 149.00; 138.00;
1190; 11942.50; 149.00; 26.00; 38.00; 31.00; 43.00; 139.00; 149.00; 138.00;
1191; 11889.50; 149.00; 26.00; 38.00; 31.00; 43.00; 139.00; 149.00; 137.00;
1192; 11942.50; 149.00; 26.00; 38.00; 30.00; 43.00; 139.00; 149.00; 137.00;
1193; 11998.00; 149.00; 25.00; 38.00; 30.00; 43.00; 139.00; 149.00; 137.00;
1194; 12218.00; 149.00; 25.00; 38.00; 30.00; 42.00; 142.00; 149.00; 137.00;
1195; 11998.00; 149.00; 25.00; 38.00; 30.00; 43.00; 139.00; 149.00; 137.00;
1196; 12107.00; 149.00; 26.00; 38.00; 30.00; 42.00; 141.00; 149.00; 137.00;
1197; 12532.00; 34.00; 22.00; 43.00; 138.00; 148.00; 138.00; 149.00; 26.00;
1198; 11939.00; 149.00; 25.00; 39.00; 29.00; 43.00; 138.00; 149.00; 137.00;
1199; 11942.50; 149.00; 25.00; 38.00; 30.00; 43.00; 138.00; 149.00; 137.00;
1200; 11942.50; 149.00; 25.00; 38.00; 30.00; 43.00; 138.00; 149.00; 137.00;
1201; 11942.50; 149.00; 25.00; 38.00; 30.00; 43.00; 138.00; 149.00; 137.00;
1202; 11886.00; 149.00; 25.00; 39.00; 29.00; 43.00; 138.00; 149.00; 136.00;
1203; 11942.50; 149.00; 25.00; 38.00; 30.00; 43.00; 138.00; 149.00; 137.00;
1204; 11942.50; 149.00; 25.00; 38.00; 30.00; 43.00; 138.00; 149.00; 137.00;
1205; 11942.50; 149.00; 25.00; 38.00; 30.00; 43.00; 138.00; 149.00; 137.00;
1206; 11942.50; 149.00; 25.00; 38.00; 30.00; 43.00; 138.00; 149.00; 137.00;
1207; 12532.00; 35.00; 21.00; 43.00; 137.00; 149.00; 137.00; 149.00; 25.00;
1208; 12532.00; 35.00; 21.00; 43.00; 137.00; 149.00; 137.00; 149.00; 25.00;
1209; 12532.00; 35.00; 21.00; 43.00; 137.00; 149.00; 137.00; 149.00; 25.00;
1210; 12476.00; 36.00; 21.00; 43.00; 137.00; 149.00; 137.00; 149.00; 25.00;
1211; 12311.00; 38.00; 22.00; 43.00; 137.00; 149.00; 137.00; 149.00; 25.00;
1212; 12532.50; 36.00; 21.00; 43.00; 138.00; 149.00; 137.00; 149.00; 25.00;
1213; 12532.00; 35.00; 21.00; 43.00; 137.00; 149.00; 137.00; 149.00; 25.00;
1214; 12420.00; 36.00; 21.00; 43.00; 137.00; 148.00; 137.00; 149.00; 25.00;
1215; 11831.00; 149.00; 25.00; 39.00; 29.00; 43.00; 137.00; 149.00; 136.00;
1216; 11884.00; 149.00; 25.00; 39.00; 29.00; 43.00; 137.00; 149.00; 137.00;
1217; 12476.00; 36.00; 21.00; 43.00; 137.00; 149.00; 137.00; 149.00; 25.00;
1218; 11939.00; 150.00; 25.00; 39.00; 29.00; 44.00; 138.00; 149.00; 137.00;
1219; 12533.00; 35.00; 21.00; 43.00; 137.00; 149.00; 137.00; 150.00; 26.00;
1220; 12533.00; 35.00; 21.00; 43.00; 137.00; 149.00; 137.00; 150.00; 26.00;
1221; 12476.00; 36.00; 21.00; 43.00; 137.00; 149.00; 137.00; 149.00; 25.00;
1222; 12366.50; 38.00; 22.00; 43.00; 138.00; 149.00; 137.00; 149.00; 25.00;
1223; 12476.00; 36.00; 21.00; 43.00; 137.00; 149.00; 137.00; 149.00; 25.00;
1224; 11939.00; 149.00; 25.00; 39.00; 29.00; 43.00; 138.00; 149.00; 137.00;
1225; 11885.00; 149.00; 25.00; 39.00; 29.00; 44.00; 138.00; 149.00; 137.00;
1226; 12476.00; 36.00; 21.00; 43.00; 137.00; 149.00; 137.00; 149.00; 25.00;
1227; 11939.00; 149.00; 25.00; 39.00; 29.00; 43.00; 138.00; 149.00; 137.00;
1228; 11939.00; 149.00; 25.00; 39.00; 29.00; 43.00; 138.00; 149.00; 137.00;
1229; 12094.50; 39.00; 26.00; 43.00; 139.00; 148.00; 138.00; 149.00; 26.00;
1230; 11889.50; 149.00; 26.00; 38.00; 31.00; 43.00; 139.00; 149.00; 137.00;
1231; 11886.00; 149.00; 26.00; 38.00; 31.00; 43.00; 139.00; 148.00; 138.00;
1232; 11886.00; 149.00; 26.00; 38.00; 31.00; 43.00; 139.00; 148.00; 138.00;
1233; 11834.00; 149.00; 26.00; 38.00; 31.00; 43.00; 138.00; 149.00; 137.00;
1234; 10458.00; 42.00; 32.00; 46.00; 135.00; 146.00; 133.00; 146.00; 31.00;
