timestamp; x; y; z;
0.000000; -0.042740; -0.067017; -0.989182;
0.010013; -0.031311; -0.054276; -0.988770;
0.020026; -0.021439; -0.048386; -0.981979;
0.030038; -0.028442; -0.059036; -0.981049;
0.040051; -0.044388; -0.084518; -0.994263;
0.050063; -0.047455; -0.103302; -1.007019;
0.060076; -0.037903; -0.109940; -1.004944;
0.070088; -0.033707; -0.095047; -0.993942;
0.080101; -0.037872; -0.075684; -0.968994;
0.090113; -0.053513; -0.067291; -0.943146;
0.100126; -0.081345; -0.066223; -0.913391;
0.110138; -0.098404; -0.076401; -0.901703;
0.120151; -0.104233; -0.087830; -0.915588;
0.130163; -0.097305; -0.096909; -0.949783;
0.140176; -0.094101; -0.104355; -0.989410;
0.150188; -0.095306; -0.109604; -1.026352;
0.160201; -0.089951; -0.109482; -1.050446;
0.170213; -0.075531; -0.102173; -1.056839;
0.180226; -0.058762; -0.089371; -1.047668;
0.190238; -0.047775; -0.088028; -1.036438;
0.200251; -0.039810; -0.095535; -1.034760;
0.210263; -0.027435; -0.100769; -1.042038;
0.220276; -0.020004; -0.111755; -1.045029;
0.230289; -0.015320; -0.118805; -1.043411;
0.240301; -0.007385; -0.115906; -1.044266;
0.250314; -0.002106; -0.106369; -1.043686;
0.260326; -0.002579; -0.103485; -1.050110;
0.270339; -0.003723; -0.097763; -1.062119;
0.280351; -0.007187; -0.088959; -1.062744;
0.290364; -0.007843; -0.083694; -1.039139;
0.300376; -0.021744; -0.086273; -0.996750;
0.310389; -0.041000; -0.092361; -0.952988;
0.320401; -0.054840; -0.106049; -0.929718;
0.330414; -0.051865; -0.118484; -0.933472;
0.340426; -0.041092; -0.123444; -0.945496;
0.350439; -0.040802; -0.129272; -0.956375;
0.360451; -0.046036; -0.130661; -0.958862;
0.370464; -0.049606; -0.118454; -0.966537;
0.380476; -0.046692; -0.098663; -0.982224;
0.390489; -0.042679; -0.081955; -0.999863;
0.400501; -0.036667; -0.071533; -1.009079;
0.410514; -0.038010; -0.075470; -1.013535;
0.420527; -0.040741; -0.086060; -1.018280;
0.430539; -0.033325; -0.091705; -1.021378;
0.440551; -0.027695; -0.092484; -1.008850;
0.450564; -0.034485; -0.101105; -0.981949;
0.460577; -0.047867; -0.115738; -0.963638;
0.470589; -0.056122; -0.126083; -0.961029;
0.480602; -0.060989; -0.136215; -0.969223;
0.490614; -0.057922; -0.135681; -0.990219;
0.500627; -0.045959; -0.118317; -1.014465;
0.510639; -0.039581; -0.096390; -1.033905;
0.520652; -0.034058; -0.078384; -1.041672;
0.530664; -0.037308; -0.070938; -1.042953;
0.540677; -0.039810; -0.069580; -1.037949;
0.550689; -0.036575; -0.070007; -1.029816;
0.560702; -0.042160; -0.078156; -1.025208;
0.570714; -0.047974; -0.088058; -1.029572;
0.580727; -0.050095; -0.089966; -1.031509;
0.590739; -0.059830; -0.085907; -1.023499;
0.600752; -0.067520; -0.076492; -1.000793;
0.610764; -0.064621; -0.066071; -0.981125;
0.620777; -0.060242; -0.060349; -0.974884;
0.630789; -0.053192; -0.054733; -0.979538;
0.640802; -0.042007; -0.047348; -0.990601;
0.650815; -0.035431; -0.045761; -1.007950;
0.660827; -0.032578; -0.047333; -1.027863;
0.670840; -0.022018; -0.050323; -1.046524;
0.680852; -0.019913; -0.050461; -1.061356;
0.690865; -0.025726; -0.049286; -1.069199;
0.700877; -0.025253; -0.042343; -1.063080;
0.710890; -0.027603; -0.040298; -1.051270;
0.720902; -0.030960; -0.046249; -1.036240;
0.730915; -0.031891; -0.053986; -1.015305;
0.740927; -0.034653; -0.064087; -1.002502;
0.750940; -0.032028; -0.069031; -1.006607;
0.760952; -0.028931; -0.062332; -1.018997;
0.770969; -0.035461; -0.058105; -1.030960;
0.780981; -0.035477; -0.058151; -1.050858;
0.790994; -0.031174; -0.050812; -1.067886;
0.801006; -0.030029; -0.047684; -1.064301;
0.811019; -0.029449; -0.053696; -1.049072;
0.821031; -0.034683; -0.052551; -1.037842;
0.831044; -0.038437; -0.044907; -1.034409;
0.841056; -0.029053; -0.039368; -1.032288;
0.851069; -0.021912; -0.053314; -1.034760;
0.861082; -0.027039; -0.073135; -1.042633;
0.871094; -0.025864; -0.082718; -1.039719;
0.881107; -0.031281; -0.092712; -1.036835;
0.891119; -0.029572; -0.098373; -1.034866;
0.901132; -0.021606; -0.099411; -1.034348;
0.911144; -0.018402; -0.102570; -1.030228;
0.921157; -0.018173; -0.106705; -1.016724;
0.931169; -0.030670; -0.112045; -1.005814;
0.941182; -0.032944; -0.117691; -1.009445;
0.951194; -0.028641; -0.122940; -1.035858;
0.961207; -0.026367; -0.125000; -1.067581;
0.971219; -0.031708; -0.134247; -1.097107;
0.981232; -0.028809; -0.133514; -1.106735;
0.991244; -0.028793; -0.124542; -1.091843;
1.001257; -0.026779; -0.116211; -1.065826;
1.011269; -0.027756; -0.104767; -1.038361;
1.021282; -0.032516; -0.095078; -1.016129;
1.031294; -0.054703; -0.100357; -1.008469;
1.041307; -0.063339; -0.111420; -1.012115;
1.051320; -0.054977; -0.117325; -1.028564;
1.061332; -0.057571; -0.118896; -1.051483;
1.071345; -0.061646; -0.122314; -1.060669;
1.081357; -0.054581; -0.124161; -1.055573;
1.091370; -0.042557; -0.119904; -1.046951;
1.101382; -0.040985; -0.116882; -1.033691;
1.111395; -0.056839; -0.123260; -1.022049;
1.121407; -0.061081; -0.132507; -1.026215;
1.131420; -0.062286; -0.127625; -1.037445;
1.141432; -0.067871; -0.124039; -1.039246;
1.151445; -0.068466; -0.126358; -1.031097;
1.161457; -0.062805; -0.133026; -1.028091;
1.171470; -0.067047; -0.139465; -1.030106;
1.181482; -0.067337; -0.146606; -1.023636;
1.191495; -0.070389; -0.146667; -1.019440;
1.201507; -0.078064; -0.131104; -1.017731;
1.211520; -0.074890; -0.116669; -1.010681;
1.221532; -0.084106; -0.106934; -1.004623;
1.231545; -0.084396; -0.100281; -0.991272;
1.241557; -0.085693; -0.109756; -0.977264;
1.251570; -0.089920; -0.127777; -0.983994;
1.261582; -0.077805; -0.133514; -0.999329;
1.271595; -0.062424; -0.129501; -1.004425;
1.281608; -0.094223; -0.130829; -1.012238;
1.291620; -0.115005; -0.127594; -1.018387;
1.301633; -0.113480; -0.111816; -1.015182;
1.311645; -0.116013; -0.097824; -1.012222;
1.321658; -0.111435; -0.089096; -0.996811;
1.331670; -0.101501; -0.086044; -0.980301;
1.341683; -0.099243; -0.101562; -0.974609;
1.351695; -0.101379; -0.123016; -0.976471;
1.361708; -0.091446; -0.137177; -0.976044;
1.371720; -0.082687; -0.140762; -0.976669;
1.381733; -0.073639; -0.129837; -0.966553;
1.391745; -0.063263; -0.118896; -0.941818;
1.401758; -0.065475; -0.119141; -0.915497;
1.411770; -0.080811; -0.127548; -0.897964;
1.421783; -0.086090; -0.130417; -0.879730;
1.431795; -0.097778; -0.130798; -0.864929;
1.441808; -0.113007; -0.137909; -0.853012;
1.451820; -0.117386; -0.155884; -0.852737;
1.461833; -0.123260; -0.180206; -0.874466;
1.471845; -0.108902; -0.201889; -0.908768;
1.481858; -0.091141; -0.198151; -0.932816;
1.491871; -0.099243; -0.189850; -0.931046;
1.501883; -0.106613; -0.186295; -0.905136;
1.511896; -0.105804; -0.175507; -0.874054;
1.521908; -0.110962; -0.168625; -0.856537;
1.531921; -0.115173; -0.173035; -0.850128;
1.541933; -0.126862; -0.183273; -0.864883;
1.551946; -0.145325; -0.187332; -0.894394;
1.561958; -0.148117; -0.184937; -0.915802;
1.571971; -0.152985; -0.191010; -0.927917;
1.581983; -0.156311; -0.197174; -0.930115;
1.591996; -0.145172; -0.197510; -0.923752;
1.602008; -0.141418; -0.198502; -0.933136;
1.612021; -0.135315; -0.186432; -0.947571;
1.622033; -0.124191; -0.165543; -0.944351;
1.632046; -0.124451; -0.148743; -0.923355;
1.642058; -0.124710; -0.140137; -0.886322;
1.652071; -0.114929; -0.144424; -0.850937;
1.662083; -0.112259; -0.150040; -0.840042;
1.672096; -0.115646; -0.164581; -0.876602;
1.682108; -0.114105; -0.171677; -0.920105;
1.692121; -0.103241; -0.160339; -0.947769;
1.702134; -0.098404; -0.153107; -0.957993;
1.712146; -0.097336; -0.156601; -0.956223;
1.722159; -0.095779; -0.154572; -0.943970;
1.732171; -0.088013; -0.145401; -0.943665;
1.742184; -0.089539; -0.141693; -0.947510;
1.752196; -0.084442; -0.143524; -0.946960;
1.762209; -0.079147; -0.151947; -0.948364;
1.772217; -0.080627; -0.166534; -0.957672;
1.782230; -0.082809; -0.175217; -0.976105;
1.792242; -0.082062; -0.174423; -1.002106;
1.802255; -0.080444; -0.172165; -1.014008;
1.812267; -0.081451; -0.170654; -1.013702;
1.822280; -0.076111; -0.169815; -1.015594;
1.832292; -0.080627; -0.168671; -1.019943;
1.842305; -0.085892; -0.170227; -1.022736;
1.852317; -0.082703; -0.173233; -1.023682;
1.862330; -0.074570; -0.169632; -1.022217;
1.872342; -0.074768; -0.168579; -1.017166;
1.882355; -0.075485; -0.172409; -1.015366;
1.892367; -0.067017; -0.167923; -1.013428;
1.902380; -0.067245; -0.165726; -1.017990;
1.912393; -0.069229; -0.176575; -1.040375;
1.922405; -0.063797; -0.178970; -1.060318;
1.932418; -0.062790; -0.171738; -1.056625;
1.942430; -0.069458; -0.168396; -1.031372;
1.952443; -0.073822; -0.162598; -1.001923;
1.962455; -0.077530; -0.158630; -0.978928;
1.972468; -0.077515; -0.159653; -0.967117;
1.982480; -0.074387; -0.165588; -0.963638;
1.992493; -0.077255; -0.179657; -0.975372;
2.002505; -0.076111; -0.187347; -1.005737;
2.012518; -0.065018; -0.179474; -1.030212;
2.022530; -0.060684; -0.166809; -1.037079;
2.032543; -0.063950; -0.158936; -1.029205;
2.042555; -0.066391; -0.154785; -1.013229;
2.052568; -0.064819; -0.152405; -0.997543;
2.062580; -0.061310; -0.158112; -0.991226;
2.072593; -0.056534; -0.170593; -0.998688;
2.082605; -0.051575; -0.181168; -1.012070;
2.092618; -0.043030; -0.176895; -1.015961;
2.102630; -0.042572; -0.170441; -1.013443;
2.112643; -0.047867; -0.166061; -1.011673;
2.122656; -0.049194; -0.158279; -1.020630;
2.132668; -0.043671; -0.150757; -1.035614;
2.142681; -0.039886; -0.144485; -1.043182;
2.152693; -0.040176; -0.141449; -1.039215;
2.162706; -0.045593; -0.140121; -1.027588;
2.172718; -0.048645; -0.141144; -1.017059;
2.182731; -0.048492; -0.141205; -1.017349;
2.192743; -0.043716; -0.135742; -1.028366;
2.202756; -0.044312; -0.132217; -1.034805;
2.212768; -0.047943; -0.133072; -1.034134;
2.222781; -0.047073; -0.129532; -1.026443;
2.232793; -0.046783; -0.124847; -1.019531;
2.242806; -0.045929; -0.121094; -1.015854;
2.252818; -0.045364; -0.114487; -1.015350;
2.262831; -0.042389; -0.108871; -1.008316;
2.272843; -0.041916; -0.109787; -0.998825;
2.282856; -0.042084; -0.115692; -0.993942;
2.292868; -0.043915; -0.117767; -0.990463;
2.302881; -0.046829; -0.114258; -0.985016;
2.312893; -0.053177; -0.110138; -0.976196;
2.322906; -0.053314; -0.106308; -0.955505;
2.332919; -0.047729; -0.107224; -0.942398;
2.342931; -0.055817; -0.116669; -0.949112;
2.352944; -0.062302; -0.119446; -0.967453;
2.362956; -0.056732; -0.113586; -0.985580;
2.372969; -0.049393; -0.103668; -0.999786;
2.382981; -0.049866; -0.097580; -1.004379;
2.392994; -0.052612; -0.094406; -1.003571;
2.403006; -0.049286; -0.091156; -0.998825;
2.413019; -0.046951; -0.089249; -0.989670;
2.423031; -0.045273; -0.088577; -0.974869;
2.433044; -0.045914; -0.094727; -0.958420;
2.443056; -0.041992; -0.100204; -0.949432;
2.453069; -0.041687; -0.108185; -0.957108;
2.463081; -0.044876; -0.119324; -0.976364;
2.473094; -0.041351; -0.117325; -0.998734;
2.483106; -0.036240; -0.109695; -1.016708;
2.493119; -0.033493; -0.103348; -1.023026;
2.503131; -0.030884; -0.097992; -1.024811;
2.513144; -0.032776; -0.099350; -1.027069;
2.523156; -0.029221; -0.100876; -1.028549;
2.533169; -0.020996; -0.098694; -1.024307;
2.543181; -0.019531; -0.097946; -1.024872;
2.553194; -0.019791; -0.101700; -1.024323;
2.563207; -0.012146; -0.111496; -1.021591;
2.573219; -0.008850; -0.120224; -1.028549;
2.583232; -0.006531; -0.121964; -1.033936;
2.593244; -0.007584; -0.117157; -1.030334;
2.603257; -0.010559; -0.110916; -1.016800;
2.613269; -0.009903; -0.103638; -0.995193;
2.623282; -0.008621; -0.104645; -0.977005;
2.633294; -0.010956; -0.112534; -0.977600;
2.643307; -0.016968; -0.121033; -1.000595;
2.653319; -0.013702; -0.120438; -1.028656;
2.663332; -0.007233; -0.115936; -1.045883;
2.673344; 0.002151; -0.106232; -1.045883;
2.683357; 0.004807; -0.098434; -1.030197;
2.693369; -0.002655; -0.097122; -1.006592;
2.703382; -0.000397; -0.099167; -0.986572;
2.713394; 0.006699; -0.101212; -0.977798;
2.723407; 0.006943; -0.106308; -0.980865;
2.733419; 0.008774; -0.116837; -0.991547;
2.743432; 0.005600; -0.123657; -1.004349;
2.753444; 0.003143; -0.122528; -1.001602;
2.763457; 0.001755; -0.117004; -0.998672;
2.773471; 0.002777; -0.105316; -0.997559;
2.783483; 0.002655; -0.099335; -0.995392;
2.793496; 0.004028; -0.103302; -0.999359;
2.803508; 0.005753; -0.108047; -1.000122;
2.813521; 0.010910; -0.115677; -0.991745;
2.823533; 0.010925; -0.122986; -0.989883;
2.833546; 0.013794; -0.118332; -0.992233;
2.843558; 0.017014; -0.106308; -0.993774;
2.853571; 0.017578; -0.103394; -0.995697;
2.863583; 0.015640; -0.110397; -1.010193;
2.873596; 0.022903; -0.108627; -1.032578;
2.883608; 0.028809; -0.104843; -1.045609;
2.893621; 0.026047; -0.104980; -1.042465;
2.903633; 0.022110; -0.104050; -1.026764;
2.913646; 0.020142; -0.100769; -1.008972;
2.923658; 0.021103; -0.098099; -0.992233;
2.933671; 0.018082; -0.100433; -0.987045;
2.943683; 0.013229; -0.103577; -0.997665;
2.953696; 0.012054; -0.108215; -1.010956;
2.963708; 0.013748; -0.114182; -1.028625;
2.973721; 0.016998; -0.111313; -1.041595;
2.983733; 0.017197; -0.105515; -1.037598;
2.993746; 0.012238; -0.102509; -1.023285;
3.003759; 0.008026; -0.100479; -1.009232;
3.013771; 0.005524; -0.099396; -0.996597;
3.023784; 0.005219; -0.103500; -0.990829;
3.033796; 0.004761; -0.111679; -0.990005;
3.043809; 0.004410; -0.114792; -0.994675;
3.053821; 0.006912; -0.114197; -0.998337;
3.063834; 0.004593; -0.114761; -0.997437;
3.073846; 0.003342; -0.113953; -1.000931;
3.083859; 0.004471; -0.110062; -1.001175;
3.093871; 0.002411; -0.108368; -1.004272;
3.103884; -0.000748; -0.108810; -1.010529;
3.113896; 0.006027; -0.104080; -1.015717;
3.123909; 0.011169; -0.099197; -1.013947;
3.133921; 0.003967; -0.098938; -1.009186;
3.143934; -0.003006; -0.097610; -1.008087;
3.153946; -0.002396; -0.096832; -1.008102;
3.163959; -0.000153; -0.098679; -1.007675;
3.173971; 0.001114; -0.101334; -1.007736;
3.183984; 0.000183; -0.099060; -1.008362;
3.193996; -0.001556; -0.093460; -1.014603;
3.204009; -0.007889; -0.090179; -1.024017;
3.214022; -0.006363; -0.087753; -1.032669;
3.224034; -0.000366; -0.084808; -1.037491;
3.234047; -0.002335; -0.085953; -1.036484;
3.244059; -0.003189; -0.088181; -1.028183;
3.254072; -0.002029; -0.088531; -1.013763;
3.264084; -0.003006; -0.093674; -1.005249;
3.274097; -0.005737; -0.097717; -1.004898;
3.284109; -0.005585; -0.100357; -1.006821;
3.294122; 0.001221; -0.096222; -1.008408;
3.304134; 0.000565; -0.096207; -1.006790;
3.314147; -0.002014; -0.096344; -1.003311;
3.324159; 0.000366; -0.095245; -0.993820;
3.334172; -0.001053; -0.098587; -0.990021;
3.344184; -0.007660; -0.104950; -0.991211;
3.354197; -0.008133; -0.102921; -0.990952;
3.364209; -0.007751; -0.099731; -0.988297;
3.374222; -0.009369; -0.098923; -0.982025;
3.384234; -0.010117; -0.099960; -0.974533;
3.394247; -0.013412; -0.105316; -0.969742;
3.404259; -0.016296; -0.112701; -0.968460;
3.414272; -0.011307; -0.114563; -0.968369;
3.424284; -0.008224; -0.113220; -0.974091;
3.434297; -0.015656; -0.112762; -0.984924;
3.444310; -0.017670; -0.109283; -0.991608;
3.454322; -0.009705; -0.101181; -0.990173;
3.464335; -0.007721; -0.093201; -0.983826;
3.474347; -0.016403; -0.095413; -0.972992;
3.484360; -0.011963; -0.096848; -0.964890;
3.494372; -0.003784; -0.096436; -0.962723;
3.504385; -0.001404; -0.099930; -0.966064;
3.514397; -0.005356; -0.109482; -0.970413;
3.524410; -0.012344; -0.120087; -0.973404;
3.534422; -0.011780; -0.118286; -0.974838;
3.544435; -0.004684; -0.109695; -0.974854;
3.554447; -0.000687; -0.102798; -0.982452;
3.564460; 0.000076; -0.096146; -0.997406;
3.574472; -0.005859; -0.097214; -1.006958;
3.584485; -0.011658; -0.100143; -1.014816;
3.594497; -0.007675; -0.100113; -1.022369;
3.604510; 0.000336; -0.098221; -1.026840;
3.614522; -0.001221; -0.100525; -1.025665;
3.624535; -0.002319; -0.106247; -1.021255;
3.634547; -0.004089; -0.105896; -1.016693;
3.644560; -0.003983; -0.104630; -1.011230;
3.654572; -0.000168; -0.104660; -1.005508;
3.664585; -0.003799; -0.110519; -1.005402;
3.674598; -0.003723; -0.117950; -1.005814;
3.684610; 0.000931; -0.114792; -1.002502;
3.694623; -0.000107; -0.107010; -0.996048;
3.704635; 0.000916; -0.097183; -0.986450;
3.714648; -0.003296; -0.092133; -0.975616;
3.724660; 0.000183; -0.090988; -0.972748;
3.734673; 0.001587; -0.094040; -0.972794;
3.744685; 0.002853; -0.097321; -0.972870;
3.754698; 0.008804; -0.105972; -0.983826;
3.764710; 0.008438; -0.120361; -1.007355;
3.774722; 0.020325; -0.117523; -1.027649;
3.784734; 0.030701; -0.107895; -1.028336;
3.794747; 0.030350; -0.098831; -1.013535;
3.804759; 0.026138; -0.087997; -0.991791;
3.814772; 0.029297; -0.079803; -0.967194;
3.824784; 0.030960; -0.079468; -0.951233;
3.834797; 0.018188; -0.093307; -0.949493;
3.844809; 0.004868; -0.107574; -0.954956;
3.854822; 0.002136; -0.112244; -0.963379;
3.864834; 0.011368; -0.106506; -0.969940;
3.874847; 0.022125; -0.106628; -0.972809;
3.884860; 0.020004; -0.117752; -0.989258;
3.894872; 0.015930; -0.119598; -1.012665;
3.904885; 0.020905; -0.110748; -1.028366;
3.914897; 0.017258; -0.096771; -1.031906;
3.924910; 0.013428; -0.084976; -1.023010;
3.934922; 0.016876; -0.072891; -1.017410;
3.944935; 0.014374; -0.066452; -1.013367;
3.954947; 0.013260; -0.073685; -1.011383;
3.964960; 0.011307; -0.084991; -1.019974;
3.974972; 0.014694; -0.094116; -1.033432;
3.984985; 0.021286; -0.113159; -1.044922;
3.994997; 0.019150; -0.126266; -1.048691;
4.005010; 0.032181; -0.112427; -1.040894;
4.015022; 0.039825; -0.085785; -1.032501;
4.025035; 0.024567; -0.076736; -1.020721;
4.035047; 0.031799; -0.067642; -1.015930;
4.045060; 0.036362; -0.063309; -1.045914;
4.055072; 0.036102; -0.062653; -1.092651;
4.065085; 0.051147; -0.062515; -1.131317;
4.075097; 0.061859; -0.061279; -1.163910;
4.085110; 0.056976; -0.057983; -1.182205;
4.095122; 0.050140; -0.055313; -1.190521;
4.105135; 0.062469; -0.041199; -1.186188;
4.115148; 0.079269; -0.030060; -1.164871;
4.125160; 0.081223; -0.034927; -1.131805;
4.135173; 0.060547; -0.048508; -1.115112;
4.145185; 0.050964; -0.054657; -1.116730;
4.155198; 0.050003; -0.055679; -1.130356;
4.165210; 0.038391; -0.057053; -1.148972;
4.175223; 0.041229; -0.051086; -1.154572;
4.185235; 0.059250; -0.037598; -1.140518;
4.195248; 0.069870; -0.036255; -1.108444;
4.205260; 0.065445; -0.040359; -1.071014;
4.215273; 0.030853; -0.061203; -1.021820;
4.225285; 0.024353; -0.076584; -0.980804;
4.235298; 0.028976; -0.077026; -0.952271;
4.245310; 0.016098; -0.088516; -0.936691;
4.255323; 0.009354; -0.107437; -0.932404;
4.265335; -0.006500; -0.126694; -0.951736;
4.275348; -0.008774; -0.128067; -0.984467;
4.285360; 0.001312; -0.120773; -1.010681;
4.295373; 0.010193; -0.108536; -1.027267;
4.305385; 0.014694; -0.097382; -1.025330;
4.315398; 0.004883; -0.095627; -1.012070;
4.325411; -0.009552; -0.099670; -1.001266;
4.335423; -0.008560; -0.103043; -0.985107;
4.345436; -0.013245; -0.112076; -0.968307;
4.355448; -0.021667; -0.121628; -0.954697;
4.365461; -0.022781; -0.129562; -0.936752;
4.375473; -0.028946; -0.140350; -0.930954;
4.385486; -0.036148; -0.143784; -0.943893;
4.395498; -0.029373; -0.132538; -0.963730;
4.405511; -0.023544; -0.115555; -0.982681;
4.415523; -0.024353; -0.103836; -0.991165;
4.425536; -0.022064; -0.100555; -0.993423;
4.435548; -0.026428; -0.103821; -0.998642;
4.445561; -0.035965; -0.114731; -1.000412;
4.455573; -0.042816; -0.130615; -0.996719;
4.465586; -0.042450; -0.138321; -0.978302;
4.475598; -0.042877; -0.142761; -0.954758;
4.485611; -0.051712; -0.147461; -0.935791;
4.495623; -0.052734; -0.144592; -0.920837;
4.505636; -0.056412; -0.142181; -0.913666;
4.515648; -0.063599; -0.147263; -0.918137;
4.525661; -0.055695; -0.152557; -0.929688;
4.535674; -0.045380; -0.147797; -0.941055;
4.545686; -0.047165; -0.145325; -0.941208;
4.555699; -0.052719; -0.147705; -0.927063;
4.565711; -0.064346; -0.150833; -0.923798;
4.575724; -0.072845; -0.154343; -0.934784;
4.585736; -0.066696; -0.152161; -0.949310;
4.595749; -0.061035; -0.148376; -0.959412;
4.605761; -0.069458; -0.151932; -0.965317;
4.615774; -0.078064; -0.160278; -0.968140;
4.625786; -0.077209; -0.165359; -0.975113;
4.635799; -0.066284; -0.160645; -0.985840;
4.645811; -0.059387; -0.153122; -0.994263;
4.655824; -0.063568; -0.149811; -0.993484;
4.665836; -0.077744; -0.152374; -0.992218;
4.675849; -0.084778; -0.154678; -0.996384;
4.685861; -0.079590; -0.150208; -0.997849;
4.695874; -0.075806; -0.152206; -0.997833;
4.705886; -0.078918; -0.156464; -0.997925;
4.715899; -0.079315; -0.158371; -0.997192;
4.725911; -0.079956; -0.161621; -1.003006;
4.735924; -0.084839; -0.162552; -1.008041;
4.745936; -0.084656; -0.160904; -1.009293;
4.755949; -0.083633; -0.155930; -0.999191;
4.765962; -0.082291; -0.153687; -0.982620;
4.775974; -0.089981; -0.155396; -0.970245;
4.785987; -0.092911; -0.154068; -0.961060;
4.795999; -0.086411; -0.146942; -0.953751;
4.806012; -0.079498; -0.139908; -0.946014;
4.816024; -0.081223; -0.140732; -0.943222;
4.826037; -0.082474; -0.143326; -0.945068;
4.836049; -0.076096; -0.139282; -0.949280;
4.846062; -0.070877; -0.138321; -0.946823;
4.856074; -0.077988; -0.149002; -0.936707;
4.866087; -0.078842; -0.156631; -0.927811;
4.876099; -0.075867; -0.155487; -0.919983;
4.886112; -0.080490; -0.155487; -0.917999;
4.896124; -0.086945; -0.158234; -0.928192;
4.906137; -0.085999; -0.161896; -0.955093;
4.916149; -0.075958; -0.160065; -0.990173;
4.926162; -0.071945; -0.159241; -1.017731;
4.936174; -0.072678; -0.160675; -1.034271;
4.946187; -0.070679; -0.155563; -1.038376;
4.956199; -0.069397; -0.149841; -1.032028;
4.966212; -0.074356; -0.148956; -1.022705;
4.976224; -0.078308; -0.152420; -1.017166;
4.986237; -0.075577; -0.154678; -1.024231;
4.996250; -0.071289; -0.156219; -1.036362;
5.006262; -0.075577; -0.158813; -1.042648;
5.016275; -0.081818; -0.164124; -1.041779;
5.026287; -0.080902; -0.162872; -1.038193;
5.036300; -0.075958; -0.158920; -1.031723;
5.046312; -0.074554; -0.158707; -1.030289;
5.056325; -0.069611; -0.155289; -1.036316;
5.066337; -0.064957; -0.152145; -1.040146;
5.076350; -0.063492; -0.149857; -1.034546;
5.086362; -0.062378; -0.144211; -1.019485;
5.096375; -0.061737; -0.139908; -1.003494;
5.106387; -0.057541; -0.134323; -0.987152;
5.116400; -0.057678; -0.131180; -0.975098;
5.126412; -0.057037; -0.130035; -0.966751;
5.136425; -0.050873; -0.132767; -0.971588;
5.146437; -0.050110; -0.142181; -0.987747;
5.156450; -0.054565; -0.148026; -1.004532;
5.166462; -0.054321; -0.145203; -1.012131;
5.176475; -0.052155; -0.139847; -1.008041;
5.186488; -0.050781; -0.134171; -0.995789;
5.196500; -0.055328; -0.132965; -0.979645;
5.206513; -0.060379; -0.135254; -0.964691;
5.216525; -0.061142; -0.140823; -0.953781;
5.226538; -0.069595; -0.150131; -0.953491;
5.236550; -0.074448; -0.155762; -0.966171;
5.246563; -0.069550; -0.151367; -0.981461;
5.256575; -0.064117; -0.145020; -0.993820;
5.266588; -0.057297; -0.138107; -1.000916;
5.276600; -0.046692; -0.132156; -0.998184;
5.286613; -0.036499; -0.131149; -0.987000;
5.296625; -0.033463; -0.134735; -0.986435;
5.306638; -0.030289; -0.141479; -1.002762;
5.316650; -0.019821; -0.140152; -1.033524;
5.326663; -0.009537; -0.134384; -1.061157;
5.336675; -0.002411; -0.126404; -1.075928;
5.346688; -0.002213; -0.129700; -1.074829;
5.356700; -0.021347; -0.148300; -1.062897;
5.366713; -0.033585; -0.168137; -1.053543;
5.376725; -0.039536; -0.180313; -1.052887;
5.386738; -0.040344; -0.188309; -1.062759;
5.396750; -0.041870; -0.189407; -1.073975;
5.406763; -0.044952; -0.184204; -1.079544;
5.416776; -0.040817; -0.176041; -1.081833;
5.426788; -0.039474; -0.170609; -1.078278;
5.436801; -0.030380; -0.163849; -1.064697;
5.446813; -0.034424; -0.162964; -1.054489;
5.456826; -0.032043; -0.163589; -1.046478;
5.466838; -0.035126; -0.163696; -1.042419;
5.476851; -0.037231; -0.163055; -1.041733;
5.486863; -0.040573; -0.162857; -1.050766;
5.496876; -0.039963; -0.160370; -1.060333;
5.506888; -0.033539; -0.150345; -1.057297;
5.516901; -0.029984; -0.142746; -1.043274;
5.526913; -0.044510; -0.146851; -1.028152;
5.536926; -0.055893; -0.150681; -1.015915;
5.546938; -0.059052; -0.150055; -1.013168;
5.556951; -0.059448; -0.150055; -1.010269;
5.566963; -0.057419; -0.153778; -0.996597;
5.576976; -0.063751; -0.159607; -0.974243;
5.586988; -0.074158; -0.166962; -0.953323;
5.597001; -0.078339; -0.171005; -0.940872;
5.607013; -0.078827; -0.175827; -0.934586;
5.617026; -0.083954; -0.182281; -0.942932;
5.627039; -0.089249; -0.185623; -0.949448;
5.637051; -0.083801; -0.182266; -0.940216;
5.647064; -0.086258; -0.180420; -0.923035;
5.657076; -0.097549; -0.186172; -0.908386;
5.667089; -0.099487; -0.192917; -0.908264;
5.677101; -0.096481; -0.195847; -0.914581;
5.687114; -0.101059; -0.196609; -0.926224;
5.697126; -0.103485; -0.193893; -0.930420;
5.707139; -0.104065; -0.193161; -0.919922;
5.717151; -0.105499; -0.193130; -0.900848;
5.727164; -0.112000; -0.194183; -0.881882;
5.737176; -0.115921; -0.196152; -0.870667;
5.747189; -0.110687; -0.198425; -0.860672;
5.757201; -0.113098; -0.208496; -0.861130;
5.767214; -0.118011; -0.221649; -0.870285;
5.777226; -0.111984; -0.221298; -0.875717;
5.787239; -0.108078; -0.214294; -0.869614;
5.797251; -0.113342; -0.213531; -0.859756;
5.807264; -0.120728; -0.218796; -0.858734;
5.817276; -0.114304; -0.217392; -0.870575;
5.827289; -0.104477; -0.211212; -0.889557;
5.837301; -0.104599; -0.205994; -0.911697;
5.847314; -0.104294; -0.203033; -0.926331;
5.857327; -0.106964; -0.200089; -0.936966;
5.867339; -0.102890; -0.196060; -0.945251;
5.877352; -0.102249; -0.197906; -0.958405;
5.887364; -0.109131; -0.205124; -0.982895;
5.897377; -0.103912; -0.204712; -1.013397;
5.907389; -0.093674; -0.196533; -1.034012;
5.917402; -0.095535; -0.194534; -1.035767;
5.927414; -0.102661; -0.196732; -1.027222;
5.937427; -0.107971; -0.197006; -1.017822;
5.947439; -0.104584; -0.191498; -1.007080;
5.957452; -0.101471; -0.186417; -0.996689;
5.967464; -0.108795; -0.189835; -1.000061;
5.977477; -0.103943; -0.190704; -1.011856;
5.987489; -0.096924; -0.190048; -1.022903;
5.997502; -0.095001; -0.194824; -1.029343;
6.007514; -0.093048; -0.193146; -1.028519;
6.017527; -0.089798; -0.181610; -1.023178;
6.027539; -0.093658; -0.170593; -1.010391;
6.037552; -0.097626; -0.164825; -0.989716;
6.047565; -0.100510; -0.162903; -0.974731;
6.057577; -0.097260; -0.167923; -0.968063;
6.067590; -0.098114; -0.180038; -0.971069;
6.077602; -0.096252; -0.191376; -0.982452;
6.087615; -0.091187; -0.189896; -0.993378;
6.097627; -0.083359; -0.181458; -1.001373;
6.107640; -0.078720; -0.173355; -1.000031;
6.117652; -0.077866; -0.171539; -0.990204;
6.127665; -0.082779; -0.169876; -0.979797;
6.137677; -0.083969; -0.170380; -0.980988;
6.147690; -0.079163; -0.169617; -0.993607;
6.157702; -0.074646; -0.169800; -1.010880;
6.167715; -0.068451; -0.170807; -1.019501;
6.177727; -0.063904; -0.170441; -1.014862;
6.187740; -0.065475; -0.173676; -0.999496;
6.197752; -0.069443; -0.178619; -0.986221;
6.207765; -0.069748; -0.181442; -0.985046;
6.217777; -0.067459; -0.177887; -0.995575;
6.227790; -0.062973; -0.170059; -1.002106;
6.237802; -0.063782; -0.165588; -0.997787;
6.247815; -0.066132; -0.163315; -0.982437;
6.257828; -0.069458; -0.163864; -0.964111;
6.267840; -0.071960; -0.169312; -0.957596;
6.277853; -0.074127; -0.175537; -0.967804;
6.287865; -0.067307; -0.174408; -0.984497;
6.297878; -0.061798; -0.169708; -0.995895;
6.307890; -0.058792; -0.165558; -0.995407;
6.317903; -0.062820; -0.164963; -0.990799;
6.327915; -0.062622; -0.164505; -0.986710;
6.337928; -0.057510; -0.163589; -0.980988;
6.347940; -0.058777; -0.168900; -0.983978;
6.357953; -0.055801; -0.174881; -0.993286;
6.367965; -0.048553; -0.173553; -0.996689;
6.377978; -0.049423; -0.170746; -0.992599;
6.387990; -0.054306; -0.166199; -0.986435;
6.398003; -0.053497; -0.156448; -0.980057;
6.408015; -0.048737; -0.147720; -0.973114;
6.418028; -0.050659; -0.151764; -0.980164;
6.428040; -0.048462; -0.163895; -0.997925;
6.438053; -0.039124; -0.169342; -1.011963;
6.448065; -0.035507; -0.165909; -1.017349;
6.458078; -0.034744; -0.156158; -1.016983;
6.468091; -0.031479; -0.143463; -1.008148;
6.478103; -0.029556; -0.132858; -0.995773;
6.488116; -0.029709; -0.129807; -0.987595;
6.498128; -0.033096; -0.132950; -0.985764;
6.508141; -0.033585; -0.137726; -0.991592;
6.518153; -0.028397; -0.138733; -0.999283;
6.528166; -0.023270; -0.139206; -1.006683;
6.538178; -0.024078; -0.144867; -1.010422;
6.548191; -0.022797; -0.147507; -1.011139;
6.558203; -0.020157; -0.145203; -1.015656;
6.568216; -0.020142; -0.137421; -1.009628;
6.578228; -0.018173; -0.131989; -1.002914;
6.588241; -0.024445; -0.128784; -0.995377;
6.598253; -0.022202; -0.126999; -0.993439;
6.608266; -0.016327; -0.128586; -0.994843;
6.618278; -0.018295; -0.135345; -1.007416;
6.628291; -0.016235; -0.137436; -1.024078;
6.638303; -0.007492; -0.130981; -1.034576;
6.648316; -0.005585; -0.124878; -1.035446;
6.658328; -0.009918; -0.123398; -1.025467;
6.668341; -0.007767; -0.123276; -1.015213;
6.678354; -0.005844; -0.125793; -1.009613;
6.688366; -0.008682; -0.133087; -1.013214;
6.698379; -0.010193; -0.135056; -1.022034;
6.708391; -0.006912; -0.132416; -1.027679;
6.718404; -0.008530; -0.129837; -1.031540;
6.728416; -0.009003; -0.129868; -1.030334;
6.738429; -0.007080; -0.130753; -1.029602;
6.748441; -0.005264; -0.130264; -1.028137;
6.758454; -0.005280; -0.130844; -1.025101;
6.768467; -0.001373; -0.128281; -1.023575;
6.778480; -0.001465; -0.123947; -1.020355;
6.788492; -0.002777; -0.119324; -1.011032;
6.798505; -0.003616; -0.121918; -1.002823;
6.808517; -0.001068; -0.124664; -1.003128;
6.818530; -0.002014; -0.128555; -1.012375;
6.828542; -0.004608; -0.131943; -1.023178;
6.838555; 0.000488; -0.126831; -1.031387;
6.848567; 0.003464; -0.120392; -1.036545;
6.858580; 0.007660; -0.115585; -1.038696;
6.868592; 0.005722; -0.113632; -1.033112;
6.878605; -0.001266; -0.115173; -1.023621;
6.888618; -0.004379; -0.121002; -1.017883;
6.898630; -0.001785; -0.123138; -1.024048;
6.908643; -0.000397; -0.124100; -1.037201;
6.918655; -0.000565; -0.123734; -1.044357;
6.928668; -0.001953; -0.125748; -1.049454;
6.938680; -0.006226; -0.128586; -1.053513;
6.948693; -0.002365; -0.130997; -1.051590;
6.958705; -0.005219; -0.135529; -1.045334;
6.968718; -0.010300; -0.139160; -1.041428;
6.978730; -0.008667; -0.138290; -1.040283;
6.988743; -0.009796; -0.133316; -1.033981;
6.998755; -0.015594; -0.125641; -1.021393;
7.008768; -0.018478; -0.120850; -1.008484;
7.018780; -0.020798; -0.118073; -0.999298;
7.028793; -0.022293; -0.117493; -0.997025;
7.038805; -0.028519; -0.121597; -1.000809;
7.048818; -0.031693; -0.124542; -1.007599;
7.058830; -0.030060; -0.119904; -1.013840;
7.068843; -0.031982; -0.112900; -1.013016;
7.078855; -0.037201; -0.109604; -1.006454;
7.088868; -0.039642; -0.111526; -1.000351;
7.098881; -0.036682; -0.113266; -0.998642;
7.108893; -0.035568; -0.116776; -0.999237;
7.118906; -0.039261; -0.122986; -1.001221;
7.128918; -0.036743; -0.121994; -1.000061;
7.138931; -0.034515; -0.119217; -0.994675;
7.148943; -0.040817; -0.123642; -0.989273;
7.158956; -0.044540; -0.131149; -0.979813;
7.168968; -0.046326; -0.137497; -0.973282;
7.178981; -0.048233; -0.138779; -0.968903;
7.188993; -0.046463; -0.134125; -0.964828;
7.199006; -0.046173; -0.133286; -0.959778;
7.209018; -0.049347; -0.134766; -0.954254;
7.219031; -0.054153; -0.139023; -0.947937;
7.229043; -0.055511; -0.142746; -0.943726;
7.239056; -0.054733; -0.145981; -0.943649;
7.249068; -0.053070; -0.151093; -0.940414;
7.259081; -0.051575; -0.161850; -0.938004;
7.269093; -0.054443; -0.172760; -0.943863;
7.279106; -0.052994; -0.174103; -0.950760;
7.289118; -0.050720; -0.170364; -0.950073;
7.299131; -0.052155; -0.168472; -0.945358;
7.309144; -0.056335; -0.165649; -0.947250;
7.319156; -0.055908; -0.165207; -0.953995;
7.329169; -0.055969; -0.169434; -0.959305;
7.339181; -0.059647; -0.176941; -0.956970;
7.349194; -0.061401; -0.181152; -0.951675;
7.359206; -0.061584; -0.183701; -0.947296;
7.369219; -0.066223; -0.189774; -0.953918;
7.379231; -0.068283; -0.191940; -0.971848;
7.389244; -0.062912; -0.187637; -0.989639;
7.399256; -0.058563; -0.181946; -0.994461;
7.409269; -0.062119; -0.181885; -0.986923;
7.419281; -0.066284; -0.183167; -0.970184;
7.429294; -0.072678; -0.185226; -0.956802;
7.439306; -0.075104; -0.185638; -0.953049;
7.449319; -0.069870; -0.182343; -0.955566;
7.459331; -0.070389; -0.183685; -0.970734;
7.469344; -0.067627; -0.183960; -0.990692;
7.479357; -0.059128; -0.172775; -1.002960;
7.489369; -0.055466; -0.157532; -1.015228;
7.499382; -0.048813; -0.145233; -1.021622;
7.509394; -0.048264; -0.143158; -1.014526;
7.519407; -0.049713; -0.148148; -1.006027;
7.529419; -0.050781; -0.151718; -0.998886;
7.539432; -0.046387; -0.155807; -0.980804;
7.549444; -0.047913; -0.158752; -0.964111;
7.559457; -0.046860; -0.156540; -0.955948;
7.569469; -0.039505; -0.146317; -0.958755;
7.579482; -0.042770; -0.140976; -0.962738;
7.589494; -0.039322; -0.138565; -0.968262;
7.599507; -0.038254; -0.137543; -0.959000;
7.609519; -0.039856; -0.141266; -0.948349;
7.619532; -0.038513; -0.149506; -0.943176;
7.629544; -0.042465; -0.162704; -0.950897;
7.639557; -0.039291; -0.168991; -0.969940;
7.649569; -0.034836; -0.164795; -0.987396;
7.659582; -0.033371; -0.159882; -0.999329;
7.669594; -0.034622; -0.153397; -1.003387;
7.679607; -0.036133; -0.146606; -1.001740;
7.689620; -0.038910; -0.142715; -1.005310;
7.699632; -0.030960; -0.141586; -1.009491;
7.709645; -0.028061; -0.145081; -1.010117;
7.719657; -0.031845; -0.151306; -1.011063;
7.729670; -0.027359; -0.150696; -1.009628;
7.739682; -0.021896; -0.144409; -1.006439;
7.749695; -0.021103; -0.144043; -1.004120;
7.759707; -0.021576; -0.144150; -1.007782;
7.769723; -0.015442; -0.141281; -1.019470;
7.779735; -0.014313; -0.137680; -1.028961;
7.789748; -0.013916; -0.134995; -1.037277;
7.799760; -0.010651; -0.129837; -1.037109;
7.809773; -0.011719; -0.126923; -1.025635;
7.819785; -0.016708; -0.126816; -1.013779;
7.829798; -0.015411; -0.127792; -1.004440;
7.839810; -0.014038; -0.130142; -1.001877;
7.849823; -0.012650; -0.133301; -1.002045;
7.859835; -0.008896; -0.133621; -1.000214;
7.869848; -0.009857; -0.134491; -0.998825;
7.879860; -0.008499; -0.132141; -0.999680;
7.889873; -0.005722; -0.124344; -0.997253;
7.899886; -0.001007; -0.116989; -0.995300;
7.909898; -0.001846; -0.117996; -0.990479;
7.919911; -0.003311; -0.121658; -0.990768;
7.929923; -0.000870; -0.124222; -0.997513;
7.939936; -0.000107; -0.124664; -1.006851;
7.949948; 0.001450; -0.125671; -1.017975;
7.959961; 0.005142; -0.123108; -1.028503;
7.969973; 0.008133; -0.116180; -1.028198;
7.979986; 0.009216; -0.111267; -1.021515;
7.989998; 0.009171; -0.109085; -1.009674;
8.000011; 0.009247; -0.108948; -1.001175;
8.010023; 0.010315; -0.112701; -1.002014;
8.020036; 0.014008; -0.113632; -1.008331;
8.030048; 0.016373; -0.116699; -1.014297;
8.040061; 0.016617; -0.119705; -1.019653;
8.050073; 0.022278; -0.119247; -1.020172;
8.060086; 0.025055; -0.115738; -1.020096;
8.070099; 0.023560; -0.114059; -1.017960;
8.080111; 0.024261; -0.113739; -1.016754;
8.090124; 0.026566; -0.110077; -1.013763;
8.100136; 0.027069; -0.106339; -1.006973;
8.110149; 0.029068; -0.106247; -1.000000;
8.120161; 0.030289; -0.112381; -0.998535;
8.130174; 0.034409; -0.116531; -1.001724;
8.140186; 0.037857; -0.119263; -1.007080;
8.150199; 0.043198; -0.117157; -1.012527;
8.160211; 0.044983; -0.110596; -1.016281;
8.170224; 0.044907; -0.103073; -1.015610;
8.180236; 0.046005; -0.097626; -1.013824;
8.190249; 0.044983; -0.101120; -1.014648;
8.200261; 0.048904; -0.109436; -1.020493;
8.210274; 0.051773; -0.112305; -1.030884;
8.220286; 0.053894; -0.109909; -1.033936;
8.230299; 0.051208; -0.107132; -1.028458;
8.240311; 0.047821; -0.105988; -1.020660;
8.250324; 0.045013; -0.105850; -1.013702;
8.260337; 0.046127; -0.103241; -1.004517;
8.270349; 0.046738; -0.103256; -0.997635;
8.280362; 0.044449; -0.105377; -0.998291;
8.290374; 0.043350; -0.105377; -1.001770;
8.300387; 0.046844; -0.107071; -1.008713;
8.310399; 0.047211; -0.111130; -1.018204;
8.320412; 0.048782; -0.109573; -1.024780;
8.330424; 0.047928; -0.102798; -1.029022;
8.340437; 0.049194; -0.097000; -1.027908;
8.350449; 0.048981; -0.092209; -1.021271;
8.360462; 0.045609; -0.089096; -1.011459;
8.370474; 0.040359; -0.091095; -1.005341;
8.380487; 0.030548; -0.096832; -1.000763;
8.390499; 0.034088; -0.093185; -1.000351;
8.400512; 0.029846; -0.099045; -0.997803;
8.410524; 0.021088; -0.105484; -0.990204;
8.420537; 0.016785; -0.109177; -0.993210;
8.430549; 0.020340; -0.108322; -1.005524;
8.440562; 0.027176; -0.106674; -1.018326;
8.450575; 0.029205; -0.103745; -1.027908;
8.460587; 0.026718; -0.101501; -1.035370;
8.470600; 0.031616; -0.092972; -1.039734;
8.480612; 0.039642; -0.081223; -1.039536;
8.490625; 0.037933; -0.075653; -1.032272;
8.500637; 0.030518; -0.077911; -1.014847;
8.510650; 0.024841; -0.083511; -1.004135;
8.520662; 0.019501; -0.089630; -1.000473;
8.530675; 0.023193; -0.090073; -0.998550;
8.540687; 0.025833; -0.091492; -0.993805;
8.550700; 0.017624; -0.098160; -0.991776;
8.560712; 0.015121; -0.100220; -0.992050;
8.570725; 0.018555; -0.099350; -0.995407;
8.580737; 0.020401; -0.100723; -0.995987;
8.590750; 0.019608; -0.097549; -0.993225;
8.600762; 0.015564; -0.096146; -0.986359;
8.610775; 0.015381; -0.093719; -0.982559;
8.620788; 0.010818; -0.089249; -0.977921;
8.630800; -0.000534; -0.085571; -0.978882;
8.640813; -0.002136; -0.082718; -0.990067;
8.650825; 0.001053; -0.077560; -1.008514;
8.660838; 0.003906; -0.075500; -1.026535;
8.670850; 0.000916; -0.077423; -1.035049;
8.680863; 0.000076; -0.079819; -1.033829;
8.690875; 0.000198; -0.082809; -1.027634;
8.700888; -0.003510; -0.086853; -1.020859;
8.710900; -0.000046; -0.091125; -1.015472;
8.720913; -0.005692; -0.097427; -1.017548;
8.730925; -0.008209; -0.101974; -1.027573;
8.740938; -0.004379; -0.103012; -1.035736;
8.750950; -0.001724; -0.101120; -1.043808;
8.760963; -0.000168; -0.096695; -1.048935;
8.770971; 0.001938; -0.091568; -1.046829;
8.780984; -0.002747; -0.088486; -1.043091;
8.790996; -0.006348; -0.088455; -1.040527;
8.801009; -0.005875; -0.091827; -1.036713;
8.811022; -0.003479; -0.094971; -1.029800;
8.821034; -0.006134; -0.100143; -1.020294;
8.831047; -0.004776; -0.103912; -1.007874;
8.841059; -0.011902; -0.109390; -0.995193;
8.851072; -0.018692; -0.112244; -0.990707;
8.861084; -0.017776; -0.108932; -0.988953;
8.871097; -0.017334; -0.103409; -0.987274;
8.881109; -0.017990; -0.097443; -0.986969;
8.891122; -0.021774; -0.093155; -0.986984;
8.901134; -0.022232; -0.091858; -0.984146;
8.911147; -0.024948; -0.093796; -0.981415;
8.921159; -0.025482; -0.096832; -0.980164;
8.931172; -0.027359; -0.104721; -0.977402;
8.941184; -0.037720; -0.115311; -0.976929;
8.951197; -0.039993; -0.121506; -0.984283;
8.961209; -0.033859; -0.120193; -0.993942;
8.971222; -0.034698; -0.121597; -0.998779;
8.981234; -0.041077; -0.126999; -0.997635;
8.991247; -0.046158; -0.129456; -0.997299;
9.001260; -0.047821; -0.128021; -0.994965;
9.011272; -0.051224; -0.127808; -0.996338;
9.021285; -0.054916; -0.129578; -0.998703;
9.031297; -0.064484; -0.136551; -1.001892;
9.041310; -0.063919; -0.138336; -1.001862;
9.051322; -0.062698; -0.137756; -0.998001;
9.061335; -0.065521; -0.141006; -0.997208;
9.071347; -0.067459; -0.140823; -0.993042;
9.081360; -0.063171; -0.131927; -0.988510;
9.091372; -0.067657; -0.125107; -0.987808;
9.101385; -0.069366; -0.119522; -0.988861;
9.111397; -0.066483; -0.112045; -0.985733;
9.121410; -0.064529; -0.107376; -0.978592;
9.131422; -0.064728; -0.110611; -0.973495;
9.141435; -0.065933; -0.119492; -0.971405;
9.151447; -0.061401; -0.124695; -0.976440;
9.161460; -0.058121; -0.128983; -0.979507;
9.171473; -0.057846; -0.134903; -0.978134;
9.181485; -0.062271; -0.141098; -0.976791;
9.191498; -0.066452; -0.149139; -0.981155;
9.201510; -0.060822; -0.151108; -0.988861;
9.211523; -0.053238; -0.143555; -0.992249;
9.221535; -0.052628; -0.136154; -0.988037;
9.231548; -0.052750; -0.132858; -0.981079;
9.241560; -0.053833; -0.131958; -0.977051;
9.251573; -0.054428; -0.135773; -0.978912;
9.261585; -0.050552; -0.139450; -0.990936;
9.271598; -0.048874; -0.136856; -0.996536;
9.281610; -0.053864; -0.131332; -0.991638;
9.291623; -0.060455; -0.129944; -0.981934;
9.301635; -0.066956; -0.133911; -0.975876;
9.311648; -0.070114; -0.143356; -0.981110;
9.321660; -0.065552; -0.147552; -0.987274;
9.331673; -0.060989; -0.146255; -0.985992;
9.341685; -0.060760; -0.144455; -0.979568;
9.351698; -0.061905; -0.141998; -0.973877;
9.361711; -0.062256; -0.141922; -0.975174;
9.371723; -0.055756; -0.140854; -0.982605;
9.381736; -0.049072; -0.136215; -0.991974;
9.391748; -0.044769; -0.132172; -0.995193;
9.401761; -0.045273; -0.129471; -0.990463;
9.411773; -0.046814; -0.130402; -0.984177;
9.421786; -0.046799; -0.128632; -0.981979;
9.431798; -0.045151; -0.127197; -0.984070;
9.441811; -0.045761; -0.129745; -0.981445;
9.451823; -0.047699; -0.139328; -0.983093;
9.461836; -0.046280; -0.145355; -0.993195;
9.471848; -0.038010; -0.142365; -1.000549;
9.481861; -0.034561; -0.135269; -0.998352;
9.491873; -0.034729; -0.130157; -0.991501;
9.501886; -0.034821; -0.129028; -0.986740;
9.511899; -0.034073; -0.133301; -0.987915;
9.521911; -0.029785; -0.135361; -0.991272;
9.531924; -0.027695; -0.138901; -0.990082;
9.541936; -0.029343; -0.143005; -0.985382;
9.551949; -0.030609; -0.149460; -0.982956;
9.561961; -0.029678; -0.153229; -0.986496;
9.571974; -0.027618; -0.152451; -0.995590;
9.581986; -0.022568; -0.145599; -0.999039;
9.591999; -0.019760; -0.137558; -0.999191;
9.602011; -0.017929; -0.130157; -0.998840;
9.612024; -0.018951; -0.128433; -0.997543;
9.622036; -0.020599; -0.130798; -0.994568;
9.632049; -0.018890; -0.132736; -0.990326;
9.642061; -0.018951; -0.138687; -0.987350;
9.652074; -0.015121; -0.141998; -0.985107;
9.662086; -0.010086; -0.144653; -0.979095;
9.672099; -0.011139; -0.152145; -0.971359;
9.682112; -0.011078; -0.155487; -0.969666;
9.692124; -0.009644; -0.150665; -0.974655;
9.702137; -0.006546; -0.141083; -0.977554;
9.712149; -0.009064; -0.133041; -0.979691;
9.722162; -0.007050; -0.125259; -0.981644;
9.732174; -0.004715; -0.117767; -0.980972;
9.742187; -0.007416; -0.115799; -0.980652;
9.752199; -0.006363; -0.118088; -0.992630;
9.762212; 0.000076; -0.113846; -1.011566;
9.772225; 0.010712; -0.108307; -1.027420;
9.782238; 0.010071; -0.108139; -1.024582;
9.792250; 0.005417; -0.113770; -1.022049;
9.802263; 0.008652; -0.117386; -1.025864;
9.812275; 0.015381; -0.119232; -1.035278;
9.822288; 0.015808; -0.124863; -1.055542;
9.832300; 0.017136; -0.130768; -1.081512;
9.842312; 0.032913; -0.123260; -1.105927;
9.852325; 0.035492; -0.110886; -1.111633;
9.862338; 0.024338; -0.107712; -1.103683;
9.872351; 0.019653; -0.099075; -1.089508;
9.882363; 0.017700; -0.089767; -1.070480;
9.892376; 0.015396; -0.089539; -1.053955;
9.902388; 0.015366; -0.093765; -1.044968;
9.912401; 0.015961; -0.099411; -1.040085;
9.922413; 0.017227; -0.103180; -1.035126;
9.932426; 0.010910; -0.110718; -1.037613;
9.942438; 0.008133; -0.113495; -1.052277;
9.952451; 0.017059; -0.106277; -1.061523;
9.962463; 0.019226; -0.098343; -1.056107;
9.972476; 0.010864; -0.101105; -1.037720;
9.982488; 0.005676; -0.107651; -1.015930;
9.992501; 0.005722; -0.110916; -1.001068;
10.002513; 0.004501; -0.113327; -0.997055;
10.012526; 0.002701; -0.112000; -1.000122;
10.022538; 0.001450; -0.108109; -1.005875;
10.032551; 0.004211; -0.100281; -1.009750;
10.042563; 0.005814; -0.097046; -1.009445;
10.052576; 0.001678; -0.102295; -1.006149;
10.062589; -0.002075; -0.111465; -1.000320;
10.072601; -0.012650; -0.125931; -1.003220;
10.082614; -0.020554; -0.137360; -1.020477;
10.092626; -0.017075; -0.138962; -1.037781;
10.102639; -0.010574; -0.131104; -1.043579;
10.112651; -0.013901; -0.123245; -1.025772;
10.122664; -0.022476; -0.119156; -0.993652;
10.132676; -0.028275; -0.112885; -0.963150;
10.142688; -0.030533; -0.116196; -0.950272;
10.152701; -0.032013; -0.123718; -0.956375;
10.162714; -0.032181; -0.128647; -0.975540;
10.172726; -0.034042; -0.130188; -0.997238;
10.182739; -0.035538; -0.129791; -1.008347;
10.192752; -0.036057; -0.127701; -1.004623;
10.202764; -0.040192; -0.125381; -0.989395;
10.212777; -0.038574; -0.123260; -0.970963;
10.222789; -0.042908; -0.123489; -0.963623;
10.232802; -0.044998; -0.124939; -0.968124;
10.242814; -0.051025; -0.122635; -0.972153;
10.252827; -0.054260; -0.118164; -0.982544;
10.262839; -0.055573; -0.110825; -0.994720;
10.272852; -0.052078; -0.106888; -1.001877;
10.282864; -0.050598; -0.111984; -1.002808;
10.292877; -0.047821; -0.112549; -0.993774;
10.302889; -0.052002; -0.112579; -0.981812;
10.312902; -0.059967; -0.116379; -0.973114;
10.322914; -0.052521; -0.116562; -0.969788;
10.332927; -0.046356; -0.117310; -0.972504;
10.342939; -0.046799; -0.119614; -0.983475;
10.352952; -0.043442; -0.117462; -0.987534;
10.362965; -0.035370; -0.113739; -0.977722;
10.372977; -0.042923; -0.118835; -0.969437;
10.382990; -0.044205; -0.123672; -0.975327;
10.393002; -0.027664; -0.126617; -0.986526;
10.403015; -0.015503; -0.129333; -0.999863;
10.413027; -0.021408; -0.136475; -1.008636;
10.423040; -0.026611; -0.142258; -1.005722;
10.433052; -0.023911; -0.140762; -0.993439;
10.443065; -0.026459; -0.141617; -0.979401;
10.453077; -0.032715; -0.145294; -0.966949;
10.463090; -0.037506; -0.149292; -0.959137;
10.473102; -0.038086; -0.150665; -0.954483;
10.483115; -0.032715; -0.149826; -0.950439;
10.493127; -0.022308; -0.148331; -0.942017;
10.503140; -0.037796; -0.164993; -0.937958;
10.513152; -0.045288; -0.170532; -0.948456;
10.523165; -0.038620; -0.162033; -0.963806;
10.533178; -0.030167; -0.150162; -0.978073;
10.543190; -0.027298; -0.139389; -0.982574;
10.553203; -0.032120; -0.136490; -0.983246;
10.563215; -0.035889; -0.134094; -0.986252;
10.573228; -0.033310; -0.134857; -0.990601;
10.583240; -0.031616; -0.140594; -0.994232;
10.593253; -0.037369; -0.148026; -1.008209;
10.603265; -0.043549; -0.152802; -1.032455;
10.613278; -0.040009; -0.146561; -1.049622;
10.623290; -0.037857; -0.134109; -1.046219;
10.633303; -0.046249; -0.122437; -1.025467;
10.643315; -0.053238; -0.115219; -1.003540;
10.653328; -0.055756; -0.111618; -0.979599;
10.663340; -0.059616; -0.111115; -0.968689;
10.673353; -0.055069; -0.106155; -0.968903;
10.683366; -0.053238; -0.102432; -0.973846;
10.693378; -0.043259; -0.098221; -0.972717;
10.703391; -0.051529; -0.101288; -0.982590;
10.713403; -0.055069; -0.109344; -1.009598;
10.723416; -0.052170; -0.118713; -1.061066;
10.733428; -0.041779; -0.120102; -1.112656;
10.743441; -0.036102; -0.114792; -1.145523;
10.753453; -0.035782; -0.106110; -1.143997;
10.763466; -0.043030; -0.100067; -1.113754;
10.773477; -0.055283; -0.099777; -1.073181;
10.783490; -0.061295; -0.100632; -1.037582;
10.793502; -0.062119; -0.102066; -1.005142;
10.803515; -0.060013; -0.104736; -0.975113;
10.813527; -0.060059; -0.110336; -0.945816;
10.823540; -0.062500; -0.116379; -0.915909;
10.833552; -0.060837; -0.119919; -0.890671;
10.843565; -0.055908; -0.120483; -0.873581;
10.853578; -0.051147; -0.118027; -0.869354;
10.863590; -0.050171; -0.120926; -0.873505;
10.873603; -0.048065; -0.125580; -0.882355;
10.883615; -0.042572; -0.126862; -0.887650;
10.893628; -0.030167; -0.128464; -0.885818;
10.903640; -0.023621; -0.140442; -0.905930;
10.913653; -0.022079; -0.143158; -0.963943;
10.923665; -0.005814; -0.131607; -1.050858;
10.933678; 0.005661; -0.109268; -1.147614;
10.943690; 0.002792; -0.089523; -1.234833;
10.953703; -0.001205; -0.071274; -1.282730;
10.963715; -0.012344; -0.062759; -1.283615;
10.973728; -0.019974; -0.058044; -1.247925;
10.983741; -0.024475; -0.063705; -1.183517;
10.993753; -0.039368; -0.079361; -1.104065;
11.003766; -0.059433; -0.104935; -1.029648;
11.013778; -0.061081; -0.138779; -0.965424;
11.023791; -0.071548; -0.169540; -0.918045;
11.033803; -0.069229; -0.145966; -0.890869;
11.043816; -0.045502; -0.123718; -0.823715;
11.053828; -0.060669; -0.148773; -0.774460;
11.063841; -0.073196; -0.152206; -0.742737;
11.073853; -0.063156; -0.137222; -0.732483;
11.083866; -0.056168; -0.138412; -0.746902;
11.093878; -0.019257; -0.133972; -0.775833;
11.103891; 0.005798; -0.139435; -0.834778;
11.113903; 0.000717; -0.164337; -0.946716;
11.123916; 0.002350; -0.168762; -1.076492;
11.133929; 0.009781; -0.162521; -1.203613;
11.143941; 0.020111; -0.145126; -1.303925;
11.153953; 0.023544; -0.113297; -1.347137;
11.163966; 0.017883; -0.076431; -1.327164;
11.173979; 0.005432; -0.053879; -1.266281;
11.183991; -0.020370; -0.051544; -1.167877;
11.194004; -0.047791; -0.064865; -1.071335;
11.204016; -0.063354; -0.083588; -0.994583;
11.214029; -0.073395; -0.101395; -0.934494;
11.224041; -0.077484; -0.110107; -0.885895;
11.234054; -0.080124; -0.111588; -0.844238;
11.244066; -0.077621; -0.109512; -0.806808;
11.254079; -0.075119; -0.113678; -0.788177;
11.264091; -0.077667; -0.123413; -0.795197;
11.274104; -0.075409; -0.124466; -0.814377;
11.284116; -0.064072; -0.117249; -0.843964;
11.294129; -0.039429; -0.100143; -0.878586;
11.304141; -0.024246; -0.084457; -0.925507;
11.314154; -0.025131; -0.064453; -0.992920;
11.324167; -0.024567; -0.044922; -1.087036;
11.334179; -0.025406; -0.029633; -1.181274;
11.344192; -0.022980; -0.014954; -1.260483;
11.354204; -0.021667; -0.006943; -1.300308;
11.364217; -0.017151; -0.006180; -1.303970;
11.374229; -0.014633; -0.012619; -1.267288;
11.384242; -0.037979; -0.040817; -1.189163;
11.394254; -0.066742; -0.074142; -1.104874;
11.404267; -0.073883; -0.102783; -1.031143;
11.414279; -0.074020; -0.123322; -0.961243;
11.424292; -0.071289; -0.135010; -0.888123;
11.434304; -0.070297; -0.144165; -0.830017;
11.444317; -0.069427; -0.154556; -0.789215;
11.454330; -0.066406; -0.162262; -0.765213;
11.464342; -0.055038; -0.166534; -0.749939;
11.474355; -0.037979; -0.167908; -0.749573;
11.484367; -0.018982; -0.160416; -0.775757;
11.494380; -0.002472; -0.148849; -0.840393;
11.504392; 0.008789; -0.139175; -0.946640;
11.514405; 0.026703; -0.125748; -1.073608;
11.524417; 0.025833; -0.109482; -1.202637;
11.534430; 0.013321; -0.097275; -1.297165;
11.544442; 0.007355; -0.083939; -1.350327;
11.554455; 0.025269; -0.066299; -1.357834;
11.564467; 0.032745; -0.061600; -1.304062;
11.574480; 0.003174; -0.081802; -1.189896;
11.584492; -0.048996; -0.114044; -1.068954;
11.594505; -0.068329; -0.135101; -0.976746;
11.604518; -0.069382; -0.149017; -0.908768;
11.614530; -0.068970; -0.161209; -0.850311;
11.624543; -0.069290; -0.173889; -0.798843;
11.634555; -0.071716; -0.185013; -0.761841;
11.644568; -0.071060; -0.191818; -0.743988;
11.654580; -0.055832; -0.181854; -0.739792;
11.664593; -0.029465; -0.159317; -0.742432;
11.674605; -0.016037; -0.142914; -0.766205;
11.684618; -0.007095; -0.123596; -0.822266;
11.694630; -0.007996; -0.105621; -0.925735;
11.704643; -0.002930; -0.091446; -1.065735;
11.714655; 0.007202; -0.079361; -1.187958;
11.724668; 0.008377; -0.071136; -1.271347;
11.734680; 0.005325; -0.067291; -1.312668;
11.744693; 0.017563; -0.054123; -1.301666;
11.754706; 0.011261; -0.048294; -1.232590;
11.764718; -0.030243; -0.065491; -1.128845;
11.774732; -0.065796; -0.093979; -1.039139;
11.784744; -0.076218; -0.117065; -0.978333;
11.794757; -0.072235; -0.131805; -0.933838;
11.804769; -0.067627; -0.143524; -0.902786;
11.814782; -0.066010; -0.153076; -0.873566;
11.824794; -0.064636; -0.158279; -0.842361;
11.834807; -0.048309; -0.150772; -0.811432;
11.844819; -0.021515; -0.128082; -0.797531;
11.854832; -0.012405; -0.111008; -0.828461;
11.864844; -0.010788; -0.105438; -0.928864;
11.874857; 0.007233; -0.103073; -1.067612;
11.884870; 0.012634; -0.096146; -1.201996;
11.894882; 0.010254; -0.084061; -1.290817;
11.904895; 0.003403; -0.065704; -1.308762;
11.914907; 0.022079; -0.052841; -1.277191;
11.924920; -0.014832; -0.057983; -1.192917;
11.934932; -0.060654; -0.081787; -1.094208;
11.944945; -0.072250; -0.111938; -1.006241;
11.954957; -0.078674; -0.132919; -0.933563;
11.964970; -0.077515; -0.148819; -0.874954;
11.974982; -0.076126; -0.159744; -0.828781;
11.984995; -0.075211; -0.167160; -0.788223;
11.995007; -0.070877; -0.174652; -0.757416;
12.005020; -0.047531; -0.172668; -0.742477;
12.015032; -0.029175; -0.164322; -0.754044;
12.025045; -0.023956; -0.154465; -0.794693;
12.035058; -0.020020; -0.142441; -0.876053;
12.045070; -0.003418; -0.125931; -0.989029;
12.055083; -0.005066; -0.116013; -1.093643;
12.065095; -0.006882; -0.106293; -1.170914;
12.075108; 0.005066; -0.085800; -1.205490;
12.085120; 0.009781; -0.069336; -1.200882;
12.095133; 0.002899; -0.065552; -1.158615;
12.105145; -0.025360; -0.081406; -1.086166;
12.115158; -0.052338; -0.107330; -1.011963;
12.125170; -0.063232; -0.127121; -0.960617;
12.135183; -0.065002; -0.136932; -0.928879;
12.145195; -0.063477; -0.143829; -0.909149;
12.155208; -0.060577; -0.148285; -0.896011;
12.165220; -0.051010; -0.147400; -0.882492;
12.175233; -0.043198; -0.144592; -0.886124;
12.185246; -0.037094; -0.137238; -0.924759;
12.195258; -0.025604; -0.128830; -1.000137;
12.205271; -0.001266; -0.112213; -1.090546;
12.215283; 0.002182; -0.095703; -1.173965;
12.225296; -0.007324; -0.085312; -1.233673;
12.235308; -0.021667; -0.076645; -1.250183;
12.245321; -0.031693; -0.065338; -1.223724;
12.255333; -0.042801; -0.059769; -1.161819;
12.265346; -0.057983; -0.067276; -1.077209;
12.275358; -0.072769; -0.086929; -0.999924;
12.285371; -0.079071; -0.107788; -0.935532;
12.295383; -0.071014; -0.120880; -0.883423;
12.305396; -0.062164; -0.129730; -0.843063;
12.315409; -0.056000; -0.143997; -0.812317;
12.325421; -0.045578; -0.156982; -0.790726;
12.335434; -0.025223; -0.158798; -0.776749;
12.345446; -0.006943; -0.149338; -0.779587;
12.355459; -0.017181; -0.145279; -0.828583;
12.365471; -0.020111; -0.141708; -0.928574;
12.375484; 0.012405; -0.122208; -1.058472;
12.385496; 0.026855; -0.103531; -1.175217;
12.395509; 0.023773; -0.091644; -1.238907;
12.405521; 0.017700; -0.079712; -1.249756;
12.415534; 0.014374; -0.065964; -1.218124;
12.425546; -0.007614; -0.068512; -1.145432;
12.435559; -0.035889; -0.088013; -1.044495;
12.445572; -0.059311; -0.113190; -0.954208;
12.455584; -0.077789; -0.137985; -0.883469;
12.465597; -0.083603; -0.160583; -0.841354;
12.475609; -0.087463; -0.178909; -0.821487;
12.485622; -0.075562; -0.182434; -0.812714;
12.495634; -0.058105; -0.177292; -0.808746;
12.505647; -0.045212; -0.172119; -0.816086;
12.515659; -0.036804; -0.163437; -0.853668;
12.525672; -0.024918; -0.149475; -0.932800;
12.535684; -0.004303; -0.133804; -1.030228;
12.545697; 0.009903; -0.120422; -1.123001;
12.555709; 0.008774; -0.107925; -1.195663;
12.565722; 0.007523; -0.092377; -1.232559;
12.575734; 0.012863; -0.071152; -1.230713;
12.585747; 0.010437; -0.056717; -1.189194;
12.595760; -0.012787; -0.061462; -1.112457;
12.605772; -0.042267; -0.079880; -1.035126;
12.615785; -0.057541; -0.099289; -0.974396;
12.625797; -0.061310; -0.118988; -0.932220;
12.635810; -0.054352; -0.132614; -0.908798;
12.645822; -0.049942; -0.140610; -0.889847;
12.655835; -0.042679; -0.140167; -0.875107;
12.665847; -0.034454; -0.130295; -0.870422;
12.675860; -0.022781; -0.121048; -0.888229;
12.685872; -0.024460; -0.118118; -0.956619;
12.695885; -0.018250; -0.110687; -1.051910;
12.705897; -0.002258; -0.101395; -1.122025;
12.715910; 0.001358; -0.093369; -1.147110;
12.725922; -0.003525; -0.087555; -1.131378;
12.735935; -0.015121; -0.087982; -1.078430;
12.745948; -0.029449; -0.095505; -1.007980;
12.755960; -0.043243; -0.108582; -0.949005;
12.765973; -0.047440; -0.121811; -0.908005;
12.775985; -0.049850; -0.138458; -0.884644;
12.785998; -0.039566; -0.152618; -0.879028;
12.796010; -0.028244; -0.156403; -0.900726;
12.806023; -0.016571; -0.151657; -0.952469;
12.816035; -0.009857; -0.143967; -1.035141;
12.826048; -0.001480; -0.129944; -1.114594;
12.836060; 0.008072; -0.108673; -1.160721;
12.846073; 0.010086; -0.089142; -1.171234;
12.856085; 0.003723; -0.077850; -1.139755;
12.866098; -0.017410; -0.089020; -1.072037;
12.876111; -0.018951; -0.112396; -1.000214;
12.886123; -0.027725; -0.130463; -0.954102;
12.896136; -0.035324; -0.138245; -0.921509;
12.906148; -0.033051; -0.148392; -0.897736;
12.916161; -0.034348; -0.154160; -0.877029;
12.926173; -0.025589; -0.147995; -0.852615;
12.936186; -0.016357; -0.137863; -0.844940;
12.946198; -0.014801; -0.132309; -0.868652;
12.956211; -0.006424; -0.127838; -0.925949;
12.966223; 0.012405; -0.121445; -1.011948;
12.976236; 0.019409; -0.114517; -1.098862;
12.986248; 0.018326; -0.104324; -1.161057;
12.996261; 0.019958; -0.090851; -1.177124;
13.006274; 0.011841; -0.077820; -1.154221;
13.016286; -0.005920; -0.078125; -1.104141;
13.026299; -0.024750; -0.087433; -1.044128;
13.036311; -0.036087; -0.104034; -0.990677;
13.046324; -0.047073; -0.124161; -0.949310;
13.056336; -0.053635; -0.142365; -0.924088;
13.066349; -0.056427; -0.151794; -0.911636;
13.076361; -0.052979; -0.154495; -0.904861;
13.086374; -0.047440; -0.147339; -0.896225;
13.096386; -0.031860; -0.134903; -0.891144;
13.106399; -0.011826; -0.122437; -0.899811;
13.116411; -0.020264; -0.122833; -0.935196;
13.126424; -0.020584; -0.125458; -0.980331;
13.136437; 0.006638; -0.113785; -1.016068;
13.146449; 0.011978; -0.103134; -1.058212;
13.156462; 0.002472; -0.103424; -1.109695;
13.166474; -0.000961; -0.104507; -1.152679;
13.176487; 0.002869; -0.101562; -1.180664;
13.186499; 0.009476; -0.094528; -1.172424;
13.196512; 0.001633; -0.096130; -1.120361;
13.206524; -0.019836; -0.108978; -1.052032;
13.216537; -0.032196; -0.120392; -0.989532;
13.226549; -0.029282; -0.126495; -0.943878;
13.236562; -0.020172; -0.132050; -0.909592;
13.246574; -0.014267; -0.144363; -0.882568;
13.256587; -0.000366; -0.156616; -0.872543;
13.266600; 0.004745; -0.161377; -0.901947;
13.276612; 0.000580; -0.155670; -0.979691;
13.286625; 0.030289; -0.133179; -1.069153;
13.296637; 0.050583; -0.109009; -1.142899;
13.306650; 0.037170; -0.092529; -1.185135;
13.316662; 0.023102; -0.079895; -1.190140;
13.326675; 0.014008; -0.068802; -1.157837;
13.336687; 0.004410; -0.064545; -1.094925;
13.346700; -0.013458; -0.076889; -1.017883;
13.356712; -0.030930; -0.103500; -0.950668;
13.366725; -0.039536; -0.128723; -0.906494;
13.376737; -0.036728; -0.134018; -0.878296;
13.386750; -0.027985; -0.129730; -0.858200;
13.396763; -0.018845; -0.126068; -0.844971;
13.406775; -0.010132; -0.121201; -0.836548;
13.416788; 0.000687; -0.118774; -0.842194;
13.426800; 0.008713; -0.121857; -0.878967;
13.436813; 0.011703; -0.123856; -0.960571;
13.446825; 0.019653; -0.117188; -1.058380;
13.456838; 0.025284; -0.104691; -1.137085;
13.466850; 0.016983; -0.092026; -1.182388;
13.476863; 0.017929; -0.081528; -1.189682;
13.486875; 0.013779; -0.077103; -1.153503;
13.496888; -0.000885; -0.083221; -1.087036;
13.506900; -0.022903; -0.099258; -1.016785;
13.516913; -0.037033; -0.117371; -0.962646;
13.526926; -0.039108; -0.130615; -0.926819;
13.536938; -0.027039; -0.137985; -0.902222;
13.546951; -0.019730; -0.142456; -0.885788;
13.556963; -0.012787; -0.146179; -0.877747;
13.566976; -0.006958; -0.148666; -0.899261;
13.576988; -0.009644; -0.145187; -0.963760;
13.587001; 0.005554; -0.128113; -1.038177;
13.597013; 0.019730; -0.106171; -1.077271;
13.607026; 0.013947; -0.094070; -1.074646;
13.617038; -0.001465; -0.096207; -1.046005;
13.627051; -0.018112; -0.103119; -1.002335;
13.637063; -0.032974; -0.112457; -0.958389;
13.647076; -0.039764; -0.124252; -0.926285;
13.657089; -0.036392; -0.136032; -0.912704;
13.667101; -0.024521; -0.142807; -0.919189;
13.677114; -0.018555; -0.151321; -0.961090;
13.687126; 0.005600; -0.141464; -1.031525;
13.697139; 0.019821; -0.121368; -1.116333;
13.707151; 0.022369; -0.109222; -1.191925;
13.717164; 0.025620; -0.091629; -1.240173;
13.727176; 0.024643; -0.068863; -1.240982;
13.737189; 0.022018; -0.054581; -1.193237;
13.747201; 0.011307; -0.055420; -1.109375;
13.757214; -0.011658; -0.073944; -1.021957;
13.767227; -0.027161; -0.094772; -0.945755;
13.777239; -0.028351; -0.112305; -0.884857;
13.787252; -0.031128; -0.128769; -0.839935;
13.797264; -0.034805; -0.144760; -0.811340;
13.807277; -0.031891; -0.150116; -0.796280;
13.817289; -0.021271; -0.143982; -0.785904;
13.827302; -0.004440; -0.133438; -0.783875;
13.837314; 0.001602; -0.124222; -0.817596;
13.847327; -0.006378; -0.117264; -0.897400;
13.857339; -0.002090; -0.110168; -0.998276;
13.867352; 0.021210; -0.093872; -1.082306;
13.877364; 0.020782; -0.087387; -1.127945;
13.887377; 0.005859; -0.089890; -1.146088;
13.897390; 0.006470; -0.087112; -1.143753;
13.907402; 0.002777; -0.087280; -1.122711;
13.917415; -0.005829; -0.093124; -1.089340;
13.927427; -0.014526; -0.100891; -1.047348;
13.937440; -0.022202; -0.108490; -1.007797;
13.947452; -0.024643; -0.114822; -0.979996;
13.957465; -0.018707; -0.119766; -0.964294;
13.967477; -0.005142; -0.121063; -0.959274;
13.977490; -0.004517; -0.122589; -0.980972;
13.987502; -0.009644; -0.123611; -1.041809;
13.997515; 0.004822; -0.115112; -1.111725;
14.007528; 0.019669; -0.102188; -1.154129;
14.017540; 0.016357; -0.093628; -1.155930;
14.027553; 0.007202; -0.091812; -1.122513;
14.037565; -0.003006; -0.091690; -1.069458;
14.047578; -0.010590; -0.096191; -1.014313;
14.057590; -0.017349; -0.111282; -0.976547;
14.067603; -0.018188; -0.122849; -0.957077;
14.077615; -0.009521; -0.129684; -0.940536;
14.087628; -0.004852; -0.137222; -0.918304;
14.097640; -0.007538; -0.141525; -0.898575;
14.107653; -0.008087; -0.141617; -0.888168;
14.117665; -0.003159; -0.138153; -0.896118;
14.127678; 0.004715; -0.130341; -0.910355;
14.137691; 0.012054; -0.122314; -0.922058;
14.147703; 0.013840; -0.120224; -0.933456;
14.157716; 0.021713; -0.120590; -0.953506;
14.167728; 0.025146; -0.119858; -0.994034;
14.177741; 0.018845; -0.118546; -1.052567;
14.187753; 0.011276; -0.117111; -1.122894;
14.197766; 0.014633; -0.103882; -1.185257;
14.207778; 0.028671; -0.085464; -1.209961;
14.217791; 0.023956; -0.078522; -1.189224;
14.227803; 0.005203; -0.084213; -1.142120;
14.237816; -0.013687; -0.096542; -1.083832;
14.247829; -0.031723; -0.112030; -1.033981;
14.257841; -0.042542; -0.128555; -0.998230;
14.267854; -0.043091; -0.141174; -0.968887;
14.277866; -0.041916; -0.149231; -0.943359;
14.287879; -0.038544; -0.149841; -0.923187;
14.297891; -0.037491; -0.145386; -0.905411;
14.307904; -0.039154; -0.144272; -0.892105;
14.317916; -0.039291; -0.143509; -0.891617;
14.327929; -0.028961; -0.137146; -0.900589;
14.337941; -0.007401; -0.125549; -0.905487;
14.347954; 0.004089; -0.116394; -0.912827;
14.357966; -0.008728; -0.121078; -0.941711;
14.367979; -0.020630; -0.130615; -0.990036;
14.377992; -0.012009; -0.129196; -1.036758;
14.388004; -0.006775; -0.127457; -1.063583;
14.398017; -0.019394; -0.131699; -1.067719;
14.408029; -0.032471; -0.136353; -1.048203;
14.418042; -0.039474; -0.139923; -1.014053;
14.428054; -0.049133; -0.145798; -0.977127;
14.438067; -0.057053; -0.151703; -0.945190;
14.448079; -0.058762; -0.154022; -0.917831;
14.458092; -0.060638; -0.156174; -0.894714;
14.468104; -0.062912; -0.166229; -0.879715;
14.478117; -0.062637; -0.170044; -0.870178;
14.488130; -0.036560; -0.160065; -0.852631;
14.498142; -0.010300; -0.150772; -0.851227;
14.508155; -0.024811; -0.154007; -0.893921;
14.518167; -0.027283; -0.161804; -0.988342;
14.528180; -0.001785; -0.138947; -1.118027;
14.538192; 0.002533; -0.118744; -1.256332;
14.548205; 0.009521; -0.103470; -1.346420;
14.558217; 0.019257; -0.077820; -1.370361;
14.568230; 0.018799; -0.056976; -1.325333;
14.578242; -0.003983; -0.057129; -1.214767;
14.588255; -0.044144; -0.081467; -1.083221;
14.598268; -0.069946; -0.107300; -0.975708;
14.608280; -0.076935; -0.127090; -0.900269;
14.618293; -0.083969; -0.151276; -0.850922;
14.628305; -0.086884; -0.172379; -0.825394;
14.638318; -0.078720; -0.181610; -0.806351;
14.648330; -0.066956; -0.177292; -0.786148;
14.658343; -0.053925; -0.168045; -0.773758;
14.668355; -0.052612; -0.166290; -0.774200;
14.678368; -0.044983; -0.157455; -0.799011;
14.688380; -0.029312; -0.143982; -0.842529;
14.698393; -0.011154; -0.133804; -0.899734;
14.708406; -0.004593; -0.122925; -0.975327;
14.718418; -0.010406; -0.113480; -1.052322;
14.728431; -0.014450; -0.103943; -1.112656;
14.738443; -0.013672; -0.093918; -1.151581;
14.748456; -0.007629; -0.079926; -1.158127;
14.758468; -0.009003; -0.074249; -1.121689;
14.768481; -0.034363; -0.085449; -1.056641;
14.778495; -0.059708; -0.105148; -0.998886;
14.788508; -0.065781; -0.122162; -0.965103;
14.798520; -0.060394; -0.134689; -0.947876;
14.808533; -0.053741; -0.143921; -0.938263;
14.818546; -0.049683; -0.152176; -0.931107;
14.828558; -0.039948; -0.156631; -0.927994;
14.838571; -0.027145; -0.155197; -0.927261;
14.848583; -0.026093; -0.152496; -0.932037;
14.858596; -0.024567; -0.146820; -0.937286;
14.868608; -0.011047; -0.135651; -0.944138;
14.878621; -0.008011; -0.128357; -0.957260;
14.888633; -0.007965; -0.121948; -0.969727;
14.898646; -0.003937; -0.116745; -0.972076;
14.908658; -0.004761; -0.116272; -0.971970;
14.918671; -0.004471; -0.116913; -0.973495;
14.928683; -0.002853; -0.115112; -0.970322;
14.938696; -0.005890; -0.112823; -0.970032;
14.948709; -0.012436; -0.109299; -0.979141;
14.958721; -0.009521; -0.105103; -0.991699;
14.968734; -0.004440; -0.103363; -1.002731;
14.978746; -0.008270; -0.108231; -1.016998;
14.988759; -0.003723; -0.116669; -1.026520;
14.998771; 0.003677; -0.120651; -1.037827;
15.008784; 0.008270; -0.115891; -1.054977;
15.018796; 0.031754; -0.099121; -1.070023;
15.028809; 0.031387; -0.083206; -1.108719;
15.038821; 0.018570; -0.080353; -1.170425;
15.048834; 0.022247; -0.077240; -1.219193;
15.058847; 0.024109; -0.073807; -1.239838;
15.068859; 0.027328; -0.068863; -1.232193;
15.078872; 0.021576; -0.067642; -1.181671;
15.088884; 0.000488; -0.079010; -1.099930;
15.098897; -0.016418; -0.093811; -1.025131;
15.108909; -0.014374; -0.102173; -0.966080;
15.118922; -0.012741; -0.109619; -0.916809;
15.128934; -0.014099; -0.119217; -0.877182;
15.138947; -0.015442; -0.126236; -0.850357;
15.148959; -0.009186; -0.131348; -0.844772;
15.158972; -0.000717; -0.131851; -0.849976;
15.168985; 0.014664; -0.130066; -0.860748;
15.178997; 0.019318; -0.124084; -0.884201;
15.189010; 0.011154; -0.121841; -0.942566;
15.199022; 0.017441; -0.108643; -1.020233;
15.209035; 0.041504; -0.082718; -1.081833;
15.219047; 0.041061; -0.069199; -1.121567;
15.229060; 0.027374; -0.072311; -1.138763;
15.239072; 0.020264; -0.082520; -1.140472;
15.249085; 0.017685; -0.089539; -1.124557;
15.259097; 0.011429; -0.093246; -1.089005;
15.269110; 0.001877; -0.101364; -1.044830;
15.279123; -0.000824; -0.109589; -1.004639;
15.289135; -0.002579; -0.119797; -0.988937;
15.299148; -0.007507; -0.123596; -1.011520;
15.309160; 0.024017; -0.103287; -1.058441;
15.319173; 0.052109; -0.078812; -1.127975;
15.329185; 0.024261; -0.080933; -1.214478;
15.339198; 0.008087; -0.084076; -1.296036;
15.349210; 0.012497; -0.069046; -1.331375;
15.359223; 0.024536; -0.048187; -1.313507;
15.369235; 0.026077; -0.034531; -1.242538;
15.379248; -0.003265; -0.041931; -1.127853;
15.389261; -0.030624; -0.062988; -1.009796;
15.399273; -0.044540; -0.088852; -0.916977;
15.409286; -0.049408; -0.111603; -0.854477;
15.419298; -0.051239; -0.134476; -0.817993;
15.429311; -0.047012; -0.142258; -0.794342;
15.439323; -0.031036; -0.142517; -0.766998;
15.449336; -0.016388; -0.138153; -0.746887;
15.459348; -0.025635; -0.135834; -0.755051;
15.469361; -0.019836; -0.131927; -0.788391;
15.479373; -0.005157; -0.118240; -0.853714;
15.489386; -0.000351; -0.108368; -0.942123;
15.499399; 0.008987; -0.104172; -1.014221;
15.509411; 0.001038; -0.107727; -1.054153;
15.519424; -0.008347; -0.104752; -1.073730;
15.529436; -0.003525; -0.097382; -1.072128;
15.539449; -0.002380; -0.095490; -1.042526;
15.549461; -0.010147; -0.104797; -0.995651;
15.559474; -0.015961; -0.115417; -0.962021;
15.569486; -0.029648; -0.127426; -0.978394;
15.579499; -0.035736; -0.133743; -1.046768;
15.589511; -0.016113; -0.128296; -1.112000;
15.599524; -0.023209; -0.126740; -1.163834;
15.609537; -0.030792; -0.123581; -1.200729;
15.619549; -0.022705; -0.113235; -1.204636;
15.629562; -0.024445; -0.104111; -1.171051;
15.639574; -0.043335; -0.110092; -1.104904;
15.649587; -0.063492; -0.123642; -1.031418;
15.659599; -0.074631; -0.137604; -0.969727;
15.669612; -0.072571; -0.153473; -0.925522;
15.679624; -0.070709; -0.167984; -0.908096;
15.689637; -0.078903; -0.175491; -0.906860;
15.699649; -0.072586; -0.170319; -0.901321;
15.709662; -0.067444; -0.156860; -0.887695;
15.719675; -0.068787; -0.144272; -0.866409;
15.729687; -0.066040; -0.139877; -0.837692;
15.739700; -0.062195; -0.141174; -0.803802;
15.749712; -0.056885; -0.143829; -0.772827;
15.759725; -0.042450; -0.152634; -0.748047;
15.769737; -0.048172; -0.167801; -0.740799;
15.779751; -0.059875; -0.178711; -0.764359;
15.789763; -0.047043; -0.171509; -0.823303;
15.799776; -0.022980; -0.150665; -0.925934;
15.809789; -0.013229; -0.130310; -1.044250;
15.819801; -0.012161; -0.112473; -1.147675;
15.829814; -0.018661; -0.096695; -1.218094;
15.839826; -0.031662; -0.080048; -1.245865;
15.849839; -0.040359; -0.065399; -1.232346;
15.859851; -0.040009; -0.057327; -1.184753;
15.869864; -0.055023; -0.070206; -1.102615;
15.879876; -0.079346; -0.104813; -1.017365;
15.889889; -0.092667; -0.132401; -0.966858;
15.899901; -0.092728; -0.144257; -0.948242;
15.909914; -0.090912; -0.153534; -0.944702;
15.919927; -0.088135; -0.160767; -0.932510;
15.929939; -0.080383; -0.162430; -0.910065;
15.939952; -0.072495; -0.176224; -0.888809;
15.949964; -0.064606; -0.189102; -0.875244;
15.959977; -0.053009; -0.186813; -0.874710;
15.969989; -0.041031; -0.178207; -0.876617;
15.980002; -0.038452; -0.167694; -0.882935;
15.990014; -0.034821; -0.150742; -0.897903;
16.000027; -0.020782; -0.131500; -0.918915;
16.010039; -0.013504; -0.122223; -0.930069;
16.020052; -0.020218; -0.126022; -0.930588;
16.030065; -0.032120; -0.134384; -0.932968;
16.040077; -0.034363; -0.146805; -0.954987;
16.050090; -0.020462; -0.146240; -0.984039;
16.060102; -0.021866; -0.146561; -1.007034;
16.070115; -0.033371; -0.146698; -1.026337;
16.080127; -0.026917; -0.136978; -1.034027;
16.090140; -0.020401; -0.127426; -1.028412;
16.100152; -0.024567; -0.131485; -1.016937;
16.110165; -0.030960; -0.138077; -0.999023;
16.120178; -0.025406; -0.140518; -0.976654;
16.130190; -0.027451; -0.148834; -0.949570;
16.140203; -0.033249; -0.162430; -0.936539;
16.150215; -0.031235; -0.165237; -0.953751;
16.160228; -0.032730; -0.154480; -0.998901;
16.170240; -0.025040; -0.138336; -1.047836;
16.180253; -0.011200; -0.121185; -1.083267;
16.190265; -0.010437; -0.111862; -1.093964;
16.200278; -0.012131; -0.108276; -1.078079;
16.210290; -0.013840; -0.106689; -1.046280;
16.220303; -0.016724; -0.109375; -1.007111;
16.230316; -0.019897; -0.115692; -0.971649;
16.240328; -0.012863; -0.121277; -0.944504;
16.250341; -0.006363; -0.120880; -0.942780;
16.260353; -0.019730; -0.124588; -0.960526;
16.270366; -0.018326; -0.124878; -0.986359;
16.280378; -0.000015; -0.110596; -1.025391;
16.290391; 0.024307; -0.093353; -1.051620;
16.300403; 0.034729; -0.090729; -1.045395;
16.310416; 0.035278; -0.096176; -1.029190;
16.320429; 0.021729; -0.103424; -1.038696;
16.330441; 0.022095; -0.101837; -1.070450;
16.340454; 0.029831; -0.091324; -1.102463;
16.350466; 0.032486; -0.086990; -1.124847;
16.360479; 0.037796; -0.081390; -1.122070;
16.370491; 0.032272; -0.078979; -1.083130;
16.380504; 0.026382; -0.084137; -1.030060;
16.390516; 0.032074; -0.085999; -0.996307;
16.400529; 0.013107; -0.097427; -1.016083;
16.410542; 0.010956; -0.100967; -1.069946;
16.420554; 0.033920; -0.086823; -1.115479;
16.430567; 0.030792; -0.078201; -1.131561;
16.440579; 0.020096; -0.073624; -1.117981;
16.450592; 0.017059; -0.068008; -1.083557;
16.460604; 0.012802; -0.072464; -1.039642;
16.470617; 0.001877; -0.087891; -0.999634;
16.480629; -0.007828; -0.103516; -0.976730;
16.490642; -0.007553; -0.111816; -0.963364;
16.500654; -0.001480; -0.118591; -0.944550;
16.510667; -0.005905; -0.128967; -0.940140;
16.520680; -0.018372; -0.133057; -0.959549;
16.530692; -0.008987; -0.121902; -0.983170;
16.540705; -0.003372; -0.110489; -0.994354;
16.550717; -0.003448; -0.103195; -0.998779;
16.560730; -0.001968; -0.098419; -0.991898;
16.570742; -0.007141; -0.101013; -0.973633;
16.580755; -0.003922; -0.106842; -0.955994;
16.590767; 0.006195; -0.113785; -0.945236;
16.600780; 0.007660; -0.122391; -0.946106;
16.610793; 0.009567; -0.128769; -0.956421;
16.620805; 0.010910; -0.122757; -0.985962;
16.630818; 0.013184; -0.115158; -1.038818;
16.640830; 0.023819; -0.103561; -1.083908;
16.650843; 0.023239; -0.097214; -1.098663;
16.660855; 0.014130; -0.097351; -1.091461;
16.670868; 0.009247; -0.098923; -1.061310;
16.680880; 0.005417; -0.102722; -1.022034;
16.690893; 0.001053; -0.109497; -0.988235;
16.700905; -0.006485; -0.117050; -0.959656;
16.710918; -0.010437; -0.125504; -0.942505;
16.720931; -0.010788; -0.131210; -0.928833;
16.730943; -0.012085; -0.136398; -0.913895;
16.740956; -0.020996; -0.144379; -0.901901;
16.750968; -0.024170; -0.148254; -0.890259;
16.760981; -0.028381; -0.149979; -0.885742;
16.770993; -0.030243; -0.146271; -0.887390;
16.781003; -0.018341; -0.134232; -0.881454;
16.791015; -0.005661; -0.129471; -0.867004;
16.801028; -0.003052; -0.126389; -0.858597;
16.811040; -0.012894; -0.135239; -0.853897;
16.821053; -0.009415; -0.145569; -0.854691;
16.831066; 0.002304; -0.147537; -0.853897;
16.841078; 0.026215; -0.141006; -0.864014;
16.851091; 0.032043; -0.137863; -0.906998;
16.861103; 0.034592; -0.136902; -0.976868;
16.871116; 0.045303; -0.120667; -1.084045;
16.881128; 0.045502; -0.099411; -1.197937;
16.891141; 0.053604; -0.079834; -1.274384;
16.901154; 0.057861; -0.055801; -1.297302;
16.911166; 0.058990; -0.040558; -1.276810;
16.921179; 0.046341; -0.039337; -1.220673;
16.931191; 0.021957; -0.049744; -1.142899;
16.941204; 0.007172; -0.063705; -1.061234;
16.951216; 0.003937; -0.076965; -0.988846;
16.961229; 0.001175; -0.090439; -0.938629;
16.971241; -0.011261; -0.101807; -0.910660;
16.981254; -0.020462; -0.115112; -0.901505;
16.991266; -0.014175; -0.121750; -0.903885;
17.001279; 0.003525; -0.119858; -0.907639;
17.011292; 0.023972; -0.110931; -0.922119;
17.021304; 0.016312; -0.107574; -0.960373;
17.031317; 0.001099; -0.109451; -1.015472;
17.041329; 0.017899; -0.092896; -1.071350;
17.051342; 0.047684; -0.065277; -1.113953;
17.061354; 0.054214; -0.048859; -1.121582;
17.071367; 0.044525; -0.045013; -1.090088;
17.081379; 0.030045; -0.054001; -1.039597;
17.091392; 0.022568; -0.065353; -0.990692;
17.101405; 0.018677; -0.075851; -0.961060;
17.111417; 0.028549; -0.082230; -0.952927;
17.121430; 0.033508; -0.087936; -0.964401;
17.131442; 0.026733; -0.096756; -0.990295;
17.141455; 0.030258; -0.102280; -1.034332;
17.151467; 0.046478; -0.095764; -1.089264;
17.161480; 0.058228; -0.086609; -1.130478;
17.171492; 0.059906; -0.075241; -1.148483;
17.181505; 0.056671; -0.067108; -1.133865;
17.191517; 0.047943; -0.060059; -1.095642;
17.201530; 0.036713; -0.064026; -1.044998;
17.211543; 0.026596; -0.078278; -0.994720;
17.221555; 0.017929; -0.092865; -0.960434;
17.231568; 0.017853; -0.101883; -0.944870;
17.241580; 0.020615; -0.108139; -0.933945;
17.251593; 0.021255; -0.114777; -0.924530;
17.261605; 0.021866; -0.113632; -0.919037;
17.271618; 0.020035; -0.109283; -0.914551;
17.281630; 0.030731; -0.106415; -0.914627;
17.291643; 0.043961; -0.101700; -0.926178;
17.301656; 0.047501; -0.102676; -0.954514;
17.311668; 0.054321; -0.100281; -1.010941;
17.321681; 0.068069; -0.083099; -1.099258;
17.331693; 0.070862; -0.062271; -1.188019;
17.341706; 0.055267; -0.047623; -1.246155;
17.351718; 0.048691; -0.033234; -1.254028;
17.361731; 0.043549; -0.023712; -1.215530;
17.371743; 0.031647; -0.022720; -1.142914;
17.381756; 0.010941; -0.035446; -1.058075;
17.391769; -0.005066; -0.054718; -0.983780;
17.401781; -0.011887; -0.074509; -0.940948;
17.411794; -0.008423; -0.088196; -0.915161;
17.421806; 0.003021; -0.099365; -0.892410;
17.431819; 0.011353; -0.103790; -0.870575;
17.441831; 0.021606; -0.101395; -0.838821;
17.451844; 0.026978; -0.101059; -0.804413;
17.461856; 0.042877; -0.098602; -0.788040;
17.471869; 0.043243; -0.100998; -0.827118;
17.481882; 0.030228; -0.108810; -0.907043;
17.491894; 0.054092; -0.098419; -0.991440;
17.501907; 0.071503; -0.081177; -1.049362;
17.511919; 0.071747; -0.074600; -1.075394;
17.521932; 0.064713; -0.075226; -1.068268;
17.531944; 0.050858; -0.084671; -1.040833;
17.541957; 0.043030; -0.099304; -1.004868;
17.551969; 0.048248; -0.113617; -0.978821;
17.561982; 0.057144; -0.122101; -1.000366;
17.571995; 0.065674; -0.115540; -1.085968;
17.582007; 0.081070; -0.097610; -1.189575;
17.592020; 0.060928; -0.079727; -1.296997;
17.602032; 0.046768; -0.058151; -1.373215;
17.612045; 0.068756; -0.026764; -1.400772;
17.622057; 0.096359; 0.015961; -1.364044;
17.632070; 0.089478; 0.034149; -1.271011;
17.642082; 0.040939; 0.013535; -1.128067;
17.652095; 0.004013; -0.016098; -0.997910;
17.662108; -0.007416; -0.044022; -0.910141;
17.672120; -0.009872; -0.066666; -0.854202;
17.682133; -0.021667; -0.086746; -0.805908;
17.692145; -0.030701; -0.110107; -0.769531;
17.702158; -0.033875; -0.121704; -0.747116;
17.712170; -0.025970; -0.120712; -0.734863;
17.722183; -0.014893; -0.118683; -0.719437;
17.732195; -0.015579; -0.126282; -0.710449;
17.742208; -0.009109; -0.128281; -0.722565;
17.752221; -0.001083; -0.128632; -0.749054;
17.762233; 0.000137; -0.137314; -0.800995;
17.772246; 0.017548; -0.142838; -0.873520;
17.782258; 0.034286; -0.138779; -0.949982;
17.792271; 0.045364; -0.130875; -1.011871;
17.802283; 0.047241; -0.116638; -1.057190;
17.812296; 0.043640; -0.101471; -1.081131;
17.822308; 0.046371; -0.083267; -1.084656;
17.832321; 0.043594; -0.073502; -1.068832;
17.842334; 0.032379; -0.079651; -1.035309;
17.852346; 0.020813; -0.096161; -0.995316;
17.862359; 0.011703; -0.112961; -0.963699;
17.872371; 0.008545; -0.130676; -0.941971;
17.882384; 0.020874; -0.139893; -0.932144;
17.892396; 0.017975; -0.147980; -0.957245;
17.902409; 0.019806; -0.151657; -1.011826;
17.912421; 0.041565; -0.135254; -1.079376;
17.922434; 0.053497; -0.110016; -1.139862;
17.932447; 0.053299; -0.091278; -1.165054;
17.942459; 0.052368; -0.077225; -1.154510;
17.952472; 0.047943; -0.068054; -1.118835;
17.962484; 0.038544; -0.072708; -1.072418;
17.972497; 0.033127; -0.084824; -1.023209;
17.982509; 0.031616; -0.098953; -0.981903;
17.992522; 0.024475; -0.113327; -0.952377;
18.002534; 0.029999; -0.126602; -0.933746;
18.012547; 0.053452; -0.121567; -0.933334;
18.022560; 0.047745; -0.112030; -0.962112;
18.032572; 0.044083; -0.100586; -1.014511;
18.042585; 0.050018; -0.082245; -1.074524;
18.052597; 0.055359; -0.067413; -1.114182;
18.062610; 0.052155; -0.061707; -1.115097;
18.072622; 0.040970; -0.061722; -1.082672;
18.082635; 0.033646; -0.064041; -1.024078;
18.092647; 0.027725; -0.077087; -0.961060;
18.102660; 0.017334; -0.095108; -0.920563;
18.112673; 0.018997; -0.100418; -0.902756;
18.122685; -0.001373; -0.116409; -0.899185;
18.132698; -0.003876; -0.116791; -0.892960;
18.142710; 0.010452; -0.108383; -0.890366;
18.152723; 0.021500; -0.103867; -0.892609;
18.162735; 0.022552; -0.106873; -0.910294;
18.172748; 0.032166; -0.104004; -0.937881;
18.182760; 0.048767; -0.093826; -0.989136;
18.192773; 0.053192; -0.084351; -1.068771;
18.202786; 0.060699; -0.078751; -1.129700;
18.212798; 0.068497; -0.072433; -1.153198;
18.222811; 0.058640; -0.073776; -1.150818;
18.232823; 0.048920; -0.078201; -1.130859;
18.242836; 0.051514; -0.081238; -1.103836;
18.252848; 0.046036; -0.084717; -1.070541;
18.262861; 0.027954; -0.094009; -1.035385;
18.272873; 0.030670; -0.100555; -0.996307;
18.282886; 0.035965; -0.105942; -0.953354;
18.292899; 0.040451; -0.114975; -0.915253;
18.302911; 0.044769; -0.128830; -0.895233;
18.312924; 0.040009; -0.141235; -0.892212;
18.322936; 0.042603; -0.140472; -0.909622;
18.332949; 0.048126; -0.133301; -0.956573;
18.342961; 0.061584; -0.120041; -1.016708;
18.352974; 0.070251; -0.109970; -1.065247;
18.362987; 0.074890; -0.103806; -1.081253;
18.372999; 0.075531; -0.099396; -1.068558;
18.383012; 0.068497; -0.100449; -1.040909;
18.393024; 0.059891; -0.108780; -1.018311;
18.403037; 0.056427; -0.111969; -1.012604;
18.413049; 0.055435; -0.109192; -1.005630;
18.423062; 0.048630; -0.107758; -0.992264;
18.433074; 0.040787; -0.104156; -0.983322;
18.443087; 0.043793; -0.099396; -0.969086;
18.453100; 0.051865; -0.097015; -0.962051;
18.463112; 0.053101; -0.101791; -0.980103;
18.473125; 0.066605; -0.110626; -1.026733;
18.483137; 0.078552; -0.100998; -1.103973;
18.493150; 0.078079; -0.079575; -1.174133;
18.503162; 0.071014; -0.065094; -1.203262;
18.513175; 0.064484; -0.055344; -1.178116;
18.523187; 0.053177; -0.054596; -1.117523;
18.533200; 0.036957; -0.069901; -1.048599;
18.543213; 0.021072; -0.087784; -0.984940;
18.553225; 0.017258; -0.100784; -0.931290;
18.563238; 0.019394; -0.111572; -0.887421;
18.573250; 0.017258; -0.130493; -0.861008;
18.583263; 0.014252; -0.139694; -0.862579;
18.593275; 0.024368; -0.133606; -0.876572;
18.603288; 0.035690; -0.124466; -0.887558;
18.613301; 0.042374; -0.112305; -0.887970;
18.623313; 0.058014; -0.103714; -0.888336;
18.633326; 0.063400; -0.105194; -0.916840;
18.643338; 0.051590; -0.116348; -0.983231;
18.653351; 0.063797; -0.118011; -1.049149;
18.663363; 0.074997; -0.101074; -1.089996;
18.673376; 0.069611; -0.092453; -1.097626;
18.683388; 0.064590; -0.090546; -1.080200;
18.693401; 0.057877; -0.089111; -1.052200;
18.703413; 0.052795; -0.091095; -1.018356;
18.713426; 0.046463; -0.098938; -0.979385;
18.723439; 0.038635; -0.113312; -0.950806;
18.733451; 0.033798; -0.128998; -0.942047;
18.743464; 0.034332; -0.133469; -0.949997;
18.753476; 0.039032; -0.126740; -0.962540;
18.763489; 0.046585; -0.114410; -0.964981;
18.773501; 0.049973; -0.106567; -0.957123;
18.783513; 0.051788; -0.110413; -0.958984;
18.793526; 0.065613; -0.114120; -0.970535;
18.803538; 0.076218; -0.117401; -0.986618;
18.813551; 0.073364; -0.125656; -1.007767;
18.823563; 0.073563; -0.126526; -1.031235;
18.833576; 0.081650; -0.120483; -1.054001;
18.843588; 0.082596; -0.120743; -1.072067;
18.853601; 0.080093; -0.119995; -1.073624;
18.863613; 0.081848; -0.104462; -1.063446;
18.873626; 0.079346; -0.087173; -1.059708;
18.883639; 0.067749; -0.081970; -1.061142;
18.893651; 0.069717; -0.078613; -1.073654;
18.903664; 0.062134; -0.074844; -1.110962;
18.913676; 0.061905; -0.069763; -1.157196;
18.923689; 0.057983; -0.067978; -1.181580;
18.933701; 0.046280; -0.063568; -1.179947;
18.943714; 0.054977; -0.049942; -1.148071;
18.953727; 0.057358; -0.044250; -1.087021;
18.963739; 0.034927; -0.057175; -1.014862;
18.973752; 0.017700; -0.072449; -0.957794;
18.983764; 0.024384; -0.082336; -0.930939;
18.993777; 0.029572; -0.091629; -0.922272;
19.003789; 0.027267; -0.098663; -0.907715;
19.013802; 0.025497; -0.106705; -0.895920;
19.023814; 0.028961; -0.112640; -0.896683;
19.033827; 0.040817; -0.115845; -0.898834;
19.043840; 0.058517; -0.116760; -0.904587;
19.053852; 0.053955; -0.120132; -0.939041;
19.063865; 0.052094; -0.120193; -1.011917;
19.073877; 0.069763; -0.107086; -1.085236;
19.083890; 0.073334; -0.091339; -1.120590;
19.093902; 0.071350; -0.078613; -1.120529;
19.103915; 0.059296; -0.078857; -1.086456;
19.113927; 0.046158; -0.086807; -1.040497;
19.123940; 0.037369; -0.102005; -1.002625;
19.133953; 0.037613; -0.117722; -0.987640;
19.143965; 0.041611; -0.123352; -0.998337;
19.153978; 0.037964; -0.125031; -1.013931;
19.163990; 0.038788; -0.120834; -1.014206;
19.174003; 0.043549; -0.114639; -1.003448;
19.184015; 0.041000; -0.112335; -0.986710;
19.194028; 0.039246; -0.119019; -0.970169;
19.204041; 0.044601; -0.122940; -0.956009;
19.214053; 0.045288; -0.127487; -0.943008;
19.224066; 0.041779; -0.128296; -0.921005;
19.234078; 0.039185; -0.127411; -0.901917;
19.244091; 0.040207; -0.127243; -0.884216;
19.254103; 0.037598; -0.134445; -0.867264;
19.264116; 0.029495; -0.144333; -0.863754;
19.274128; 0.034866; -0.142181; -0.868256;
19.284141; 0.048996; -0.138718; -0.881271;
19.294154; 0.061172; -0.132126; -0.911102;
19.304166; 0.053543; -0.137924; -0.964600;
19.314179; 0.065704; -0.135071; -1.038803;
19.324191; 0.068604; -0.125168; -1.127518;
19.334204; 0.059082; -0.115448; -1.200134;
19.344216; 0.057373; -0.100830; -1.233582;
19.354229; 0.068420; -0.080597; -1.239349;
19.364242; 0.071472; -0.066055; -1.211700;
19.374254; 0.062912; -0.064346; -1.153381;
19.384267; 0.035995; -0.081711; -1.076691;
19.394279; 0.015808; -0.106415; -1.017517;
19.404292; 0.010620; -0.127670; -0.985992;
19.414304; 0.016174; -0.135742; -0.959427;
19.424317; 0.016068; -0.138962; -0.928223;
19.434329; 0.013428; -0.137680; -0.894745;
19.444342; 0.016953; -0.128525; -0.875900;
19.454355; 0.016708; -0.118942; -0.878937;
19.464367; 0.020233; -0.109375; -0.901062;
19.474380; 0.037018; -0.097626; -0.946701;
19.484392; 0.041702; -0.093460; -1.005295;
19.494405; 0.041687; -0.091721; -1.050171;
19.504417; 0.037598; -0.087784; -1.068375;
19.514430; 0.032745; -0.084915; -1.059372;
19.524443; 0.027283; -0.084702; -1.034836;
19.534455; 0.026871; -0.083145; -0.999313;
19.544468; 0.025055; -0.091095; -0.967392;
19.554480; 0.022293; -0.100418; -0.961777;
19.564493; 0.019638; -0.105438; -0.987106;
19.574505; 0.019989; -0.108185; -1.023819;
19.584518; 0.024979; -0.105133; -1.045395;
19.594530; 0.025970; -0.106003; -1.040436;
19.604543; 0.022217; -0.113419; -1.009552;
19.614556; 0.015778; -0.121857; -0.968658;
19.624568; 0.008362; -0.126541; -0.929993;
19.634581; 0.002625; -0.132446; -0.898376;
19.644593; -0.001389; -0.144073; -0.873520;
19.654606; -0.001221; -0.157639; -0.855942;
19.664618; 0.000015; -0.168625; -0.841232;
19.674631; 0.005753; -0.175232; -0.831360;
19.684644; 0.014664; -0.165482; -0.853668;
19.694656; 0.024948; -0.150604; -0.928772;
19.704669; 0.047531; -0.134354; -1.032364;
19.714681; 0.060135; -0.118881; -1.129471;
19.724694; 0.061935; -0.106171; -1.209717;
19.734706; 0.055450; -0.095505; -1.256531;
19.744719; 0.044846; -0.089371; -1.262085;
19.754731; 0.037506; -0.088562; -1.222443;
19.764744; 0.020966; -0.096375; -1.149261;
19.774757; 0.004089; -0.110916; -1.071625;
19.784769; -0.010025; -0.123276; -1.010452;
19.794782; -0.013580; -0.133514; -0.965927;
19.804794; -0.010208; -0.141586; -0.933563;
19.814807; -0.002457; -0.140457; -0.903595;
19.824819; 0.002289; -0.136993; -0.864380;
19.834832; 0.005951; -0.136444; -0.826172;
19.844845; 0.010941; -0.135437; -0.795868;
19.854857; 0.021454; -0.129761; -0.784958;
19.864870; 0.045425; -0.124146; -0.811966;
19.874882; 0.043732; -0.121490; -0.911682;
19.884895; 0.069534; -0.099182; -1.050034;
19.894907; 0.082764; -0.077789; -1.164062;
19.904920; 0.073380; -0.067093; -1.238251;
19.914932; 0.067963; -0.051926; -1.261353;
19.924945; 0.064743; -0.036377; -1.224655;
19.934958; 0.042801; -0.040817; -1.144058;
19.944970; 0.021698; -0.060410; -1.051315;
19.954983; 0.009094; -0.091949; -0.967606;
19.964995; -0.000885; -0.126587; -0.914001;
19.975008; 0.000549; -0.149658; -0.893555;
19.985020; 0.009720; -0.160583; -0.895950;
19.995033; 0.019928; -0.159164; -0.914490;
20.005046; 0.029251; -0.152603; -0.933411;
20.015058; 0.031052; -0.150986; -0.962357;
20.025071; 0.029556; -0.144684; -1.001709;
20.035083; 0.039169; -0.135483; -1.037766;
20.045096; 0.044037; -0.119827; -1.060257;
20.055108; 0.042526; -0.100815; -1.055161;
20.065121; 0.035034; -0.090012; -1.025131;
20.075134; 0.030685; -0.089081; -0.985916;
20.085146; 0.027908; -0.098328; -0.946198;
20.095159; 0.029099; -0.114273; -0.922089;
20.105171; 0.032715; -0.132050; -0.924469;
20.115184; 0.040146; -0.143250; -0.957520;
20.125196; 0.051056; -0.141586; -1.026657;
20.135209; 0.061783; -0.131180; -1.122330;
20.145221; 0.065262; -0.115768; -1.199280;
20.155234; 0.064621; -0.098495; -1.231979;
20.165247; 0.056580; -0.086868; -1.209534;
20.175259; 0.041122; -0.084900; -1.143143;
20.185272; 0.025406; -0.089310; -1.063522;
20.195284; 0.014740; -0.103363; -0.994812;
20.205297; 0.007401; -0.124451; -0.950470;
20.215309; 0.007050; -0.135056; -0.932648;
20.225322; 0.008011; -0.137070; -0.928726;
20.235335; 0.009781; -0.135910; -0.925873;
20.245347; 0.014359; -0.130768; -0.909653;
20.255360; 0.008987; -0.129745; -0.881866;
20.265372; 0.013535; -0.125473; -0.856339;
20.275385; 0.027222; -0.125076; -0.838638;
20.285397; 0.023743; -0.138870; -0.850052;
20.295410; 0.022171; -0.151688; -0.893387;
20.305423; 0.030701; -0.153946; -0.978500;
20.315435; 0.047455; -0.142044; -1.083160;
20.325448; 0.049377; -0.121948; -1.156311;
20.335460; 0.043762; -0.102753; -1.183975;
20.345473; 0.033722; -0.091248; -1.175690;
20.355485; 0.025711; -0.087448; -1.137543;
20.365498; 0.016464; -0.098328; -1.080887;
20.375511; -0.000565; -0.121185; -1.023361;
20.385523; -0.014526; -0.142456; -0.986115;
20.395536; -0.014404; -0.153000; -0.963272;
20.405548; -0.008682; -0.157288; -0.941574;
20.415561; -0.004059; -0.159424; -0.912552;
20.425573; -0.005753; -0.160690; -0.881470;
20.435586; -0.008194; -0.160446; -0.854218;
20.445599; 0.001312; -0.159103; -0.835358;
20.455611; 0.011337; -0.157196; -0.840057;
20.465624; 0.020538; -0.159058; -0.873352;
20.475636; 0.027512; -0.160645; -0.949310;
20.485649; 0.031540; -0.153824; -1.048691;
20.495661; 0.032745; -0.142578; -1.119110;
20.505674; 0.026123; -0.132050; -1.155930;
20.515686; 0.020813; -0.120377; -1.163330;
20.525699; 0.015137; -0.114182; -1.135345;
20.535712; 0.005478; -0.118637; -1.082520;
20.545724; -0.007858; -0.132309; -1.020386;
20.555737; -0.019531; -0.150024; -0.971664;
20.565749; -0.025299; -0.161987; -0.938660;
20.575762; -0.025101; -0.166992; -0.913437;
20.585774; -0.026657; -0.171356; -0.889679;
20.595787; -0.027237; -0.169800; -0.871826;
20.605800; -0.025818; -0.165298; -0.859360;
20.615812; -0.024704; -0.166138; -0.855713;
20.625825; -0.011841; -0.160599; -0.858170;
20.635837; 0.007996; -0.148346; -0.869507;
20.645850; -0.001450; -0.147324; -0.917206;
20.655862; -0.001648; -0.142532; -1.004883;
20.665875; 0.022797; -0.119614; -1.093430;
20.675888; 0.025208; -0.102173; -1.164276;
20.685900; 0.009171; -0.096542; -1.230789;
20.695913; 0.000839; -0.090073; -1.270721;
20.705925; -0.003311; -0.083084; -1.260178;
20.715938; -0.008789; -0.079376; -1.200684;
20.725950; -0.024216; -0.090652; -1.109879;
20.735963; -0.045807; -0.106949; -1.018738;
20.745975; -0.054672; -0.119354; -0.950241;
20.755988; -0.053879; -0.131363; -0.899857;
20.766001; -0.050034; -0.145370; -0.862320;
20.776013; -0.045212; -0.161636; -0.836716;
20.786026; -0.036224; -0.172012; -0.816223;
20.796038; -0.027786; -0.177048; -0.795822;
20.806051; -0.017914; -0.181030; -0.778824;
20.816063; -0.008835; -0.181381; -0.761047;
20.826076; 0.004501; -0.176682; -0.750931;
20.836089; 0.008423; -0.172363; -0.757233;
20.846101; 0.017883; -0.171448; -0.783905;
20.856114; 0.025513; -0.174988; -0.848404;
20.866126; 0.041214; -0.166550; -0.947296;
20.876139; 0.058426; -0.151596; -1.044846;
20.886151; 0.057053; -0.136566; -1.120270;
20.896164; 0.053970; -0.121414; -1.161499;
20.906177; 0.048920; -0.109451; -1.171158;
20.916189; 0.039001; -0.110184; -1.153732;
20.926202; 0.021179; -0.122208; -1.118118;
20.936214; 0.009415; -0.137695; -1.082397;
20.946227; 0.001083; -0.153214; -1.055252;
20.956239; 0.000351; -0.164047; -1.032776;
20.966252; 0.002090; -0.171509; -1.008636;
20.976265; 0.003540; -0.180664; -0.984924;
20.986277; 0.009018; -0.181198; -0.965851;
20.996290; 0.013626; -0.170486; -0.955063;
21.006302; 0.021851; -0.159668; -0.954666;
21.016315; 0.027496; -0.149139; -0.977783;
21.026327; 0.030472; -0.137924; -1.025040;
21.036340; 0.039658; -0.122101; -1.070206;
21.046353; 0.051712; -0.112000; -1.084473;
21.056365; 0.053497; -0.117142; -1.083847;
21.066378; 0.045410; -0.123337; -1.080444;
21.076390; 0.046982; -0.121460; -1.078735;
21.086403; 0.049194; -0.114349; -1.088257;
21.096415; 0.045258; -0.107605; -1.118347;
21.106428; 0.048035; -0.097809; -1.143433;
21.116441; 0.051804; -0.088409; -1.138290;
21.126453; 0.042999; -0.087509; -1.120255;
21.136466; 0.026764; -0.092102; -1.105469;
21.146478; 0.024673; -0.092865; -1.085587;
21.156491; 0.021805; -0.099258; -1.059235;
21.166503; 0.012558; -0.110352; -1.019257;
21.176516; 0.007690; -0.115982; -0.972473;
21.186529; 0.008499; -0.117126; -0.929367;
21.196541; 0.008591; -0.118973; -0.891891;
21.206554; 0.007126; -0.129227; -0.865234;
21.216566; 0.010300; -0.138245; -0.859177;
